band,album,release_date,date_disp,month_key,sort_key,hmb_genre,hmb_url,cover_url,album_id,upcoming
Beseech,Future Present Past,2026-08-28,"August 28, 2026",August 2026,2026-08-28T00:00:00,,https://heavymetalbest.com/album/beseech/future-present-past?albumId=TlWh9xfMCrmsMlVGMtvL,https://firebasestorage.googleapis.com/v0/b/heavy-metal-best.appspot.com/o/albums_img%2Fthumbnails%2FFuture-Present-Past-full-length_1779459859635_200_200.webp?alt=media&token=c7f848f9-95e5-445a-9273-0b8e573a8d1e,TlWh9xfMCrmsMlVGMtvL,True
Burning Sun,Power to Survive,2026-08-21,"August 21, 2026",August 2026,2026-08-21T00:00:00,"Power, Heavy, Heavy Metal, Speed Metal, Power Metal",https://heavymetalbest.com/album/burning-sun/power-to-survive?albumId=98nn954FRm8adJEGJRN5,https://firebasestorage.googleapis.com/v0/b/heavy-metal-best.appspot.com/o/albums_img%2Fthumbnails%2FPower-to-Survive-full-length_1779459875589_200_200.webp?alt=media&token=14955453-faed-46a8-b5bc-558b625f7586,98nn954FRm8adJEGJRN5,True
Zornheym,Descending into Madness,2026-07-02,"July 2, 2026",July 2026,2026-07-02T00:00:00,"Death Metal, Melodic Black, Symphonic",https://heavymetalbest.com/album/zornheym/descending-into-madness?albumId=FLfVtk8EptPsh09y9aKs,https://firebasestorage.googleapis.com/v0/b/heavy-metal-best.appspot.com/o/albums_img%2Fthumbnails%2FDescending-into-Madness-full-length_1779460104439_200_200.webp?alt=media&token=be070c86-3299-4c78-b15a-c9e051341a65,FLfVtk8EptPsh09y9aKs,True
Revoltons,Seventh Act of a Death Foretold,2026-06-27,"June 27, 2026",June 2026,2026-06-27T00:00:00,"Power Metal, Power, Progressive Metal, Thrash Metal",https://heavymetalbest.com/album/revoltons/seventh-act-of-a-death-foretold?albumId=L1eR3rqivr2LTYEIf6ev,https://firebasestorage.googleapis.com/v0/b/heavy-metal-best.appspot.com/o/albums_img%2Fthumbnails%2FSeventh-Act-of-a-Death-Foretold-full-length_1779875367158_200_200.webp?alt=media&token=38635f4d-7528-4e26-95fb-6f0b0a5b6c4b,L1eR3rqivr2LTYEIf6ev,True
Beshenitar,Flames of Eternal Blasphemy,2026-06-26,"June 26, 2026",June 2026,2026-06-26T00:00:00,,https://heavymetalbest.com/album/beshenitar/flames-of-eternal-blasphemy?albumId=ZNJl4rrTmmS5OghN5LmC,https://firebasestorage.googleapis.com/v0/b/heavy-metal-best.appspot.com/o/albums_img%2Fthumbnails%2FFlames-of-Eternal-Blasphemy-full-length_1779878042415_200_200.webp?alt=media&token=b2b61953-b519-47c4-9158-5d6558ec9e22,ZNJl4rrTmmS5OghN5LmC,False
Druidess,Trip Meadow,2026-06-26,"June 26, 2026",June 2026,2026-06-26T00:00:00,,https://heavymetalbest.com/album/druidess/trip-meadow?albumId=2YkoutRKO3GXzKvz3OEX,https://firebasestorage.googleapis.com/v0/b/heavy-metal-best.appspot.com/o/albums_img%2Fthumbnails%2FTrip-Meadow-full-length_1781286733034_200_200.webp?alt=media&token=c09dc109-dadd-4d68-9ad8-5c167586a37e,2YkoutRKO3GXzKvz3OEX,True
Verdun,Abyssal Womb,2026-06-26,"June 26, 2026",June 2026,2026-06-26T00:00:00,"Doom Metal, Sludge",https://heavymetalbest.com/album/verdun/abyssal-womb?albumId=2fQOpabIJyScg24C1k2C,https://firebasestorage.googleapis.com/v0/b/heavy-metal-best.appspot.com/o/albums_img%2Fthumbnails%2FAbyssal-Womb-full-length_1781209750143_200_200.webp?alt=media&token=fe94bc61-7edd-45af-9049-fe38bd7f1740,2fQOpabIJyScg24C1k2C,True
Phantom,Not Midnight Yet,2026-06-26,"June 26, 2026",June 2026,2026-06-26T00:00:00,"Speed Metal, Thrash Metal, Thrash",https://heavymetalbest.com/album/phantom/not-midnight-yet?albumId=3nT3w4oUsdYI6zIPibQV,https://firebasestorage.googleapis.com/v0/b/heavy-metal-best.appspot.com/o/albums_img%2Fthumbnails%2FNot-Midnight-Yet-full-length_1781286937425_200_200.webp?alt=media&token=fbe7d33c-0b8d-408a-98d9-5166f847b7ee,3nT3w4oUsdYI6zIPibQV,True
Vorax,Volcano Shock,2026-06-26,"June 26, 2026",June 2026,2026-06-26T00:00:00,Death Metal,https://heavymetalbest.com/album/vorax/volcano-shock?albumId=42KJDhjy0QxyhuzsEKco,https://firebasestorage.googleapis.com/v0/b/heavy-metal-best.appspot.com/o/albums_img%2Fthumbnails%2FVolcano-Shock-full-length_1781286996542_200_200.webp?alt=media&token=7588342d-bc82-42f4-91f5-216221ac85f6,42KJDhjy0QxyhuzsEKco,True
Zørza,Twilight of the Golden Star,2026-06-26,"June 26, 2026",June 2026,2026-06-26T00:00:00,,https://heavymetalbest.com/album/zørza/twilight-of-the-golden-star?albumId=4OjiVy0qXML1cW3goyLs,https://firebasestorage.googleapis.com/v0/b/heavy-metal-best.appspot.com/o/albums_img%2Fthumbnails%2FTwilight-of-the-Golden-Star-full-length_1781287002072_200_200.webp?alt=media&token=db494b03-de3d-4422-bfad-03c8b58cf153,4OjiVy0qXML1cW3goyLs,True
Temple ov Ahriman,Heretics of Consensual Reality,2026-06-26,"June 26, 2026",June 2026,2026-06-26T00:00:00,Black Metal,https://heavymetalbest.com/album/temple-ov-ahriman/heretics-of-consensual-reality?albumId=5ocaEZjotppM9jwfiqMo,https://firebasestorage.googleapis.com/v0/b/heavy-metal-best.appspot.com/o/albums_img%2Fthumbnails%2FHeretics-of-Consensual-Reality-full-length_1781286972357_200_200.webp?alt=media&token=47b9796c-bb22-40a5-a7a6-6e97baf9e710,5ocaEZjotppM9jwfiqMo,True
Ruyned,Profanum Sacrificium,2026-06-26,"June 26, 2026",June 2026,2026-06-26T00:00:00,"Death Metal, Black Metal, Thrash, Thrash Metal, Death",https://heavymetalbest.com/album/ruyned/profanum-sacrificium?albumId=9DsxGWBJ6e1FHlOyFMXk,https://firebasestorage.googleapis.com/v0/b/heavy-metal-best.appspot.com/o/albums_img%2Fthumbnails%2FProfanum-Sacrificium-full-length_1781295359687_200_200.webp?alt=media&token=3c744f8a-07c5-4307-b6b7-045b775231af,9DsxGWBJ6e1FHlOyFMXk,True
Alkuharmonian Kantaja,Melas Khole,2026-06-26,"June 26, 2026",June 2026,2026-06-26T00:00:00,,https://heavymetalbest.com/album/alkuharmonian-kantaja/melas-khole?albumId=AKzyIYh2fLE0ReOajlGF,https://firebasestorage.googleapis.com/v0/b/heavy-metal-best.appspot.com/o/albums_img%2Fthumbnails%2FMelas-Khole-full-length_1781295073515_200_200.webp?alt=media&token=6b78698d-b630-4837-b0e3-67244ff4bbf2,AKzyIYh2fLE0ReOajlGF,True
Fyrgast,Mountains of Doom,2026-06-26,"June 26, 2026",June 2026,2026-06-26T00:00:00,Black Metal,https://heavymetalbest.com/album/fyrgast/mountains-of-doom?albumId=BQqJfoFLlruzhce8IQHm,https://firebasestorage.googleapis.com/v0/b/heavy-metal-best.appspot.com/o/albums_img%2Fthumbnails%2FMountains-of-Doom-full-length_1781295249683_200_200.webp?alt=media&token=414d24d8-8c73-4c43-80f8-697f63960269,BQqJfoFLlruzhce8IQHm,True
Morgal,The Seventh Circle,2026-06-26,"June 26, 2026",June 2026,2026-06-26T00:00:00,Black Metal,https://heavymetalbest.com/album/morgal/the-seventh-circle?albumId=ChzKm5YXrnsUySIuiC7h,https://firebasestorage.googleapis.com/v0/b/heavy-metal-best.appspot.com/o/albums_img%2Fthumbnails%2FThe-Seventh-Circle-full-length_1781286923103_200_200.webp?alt=media&token=cff712d0-7a7e-4adb-9934-b00d07c7a669,ChzKm5YXrnsUySIuiC7h,True
Crying Steel,Agent Steel,2026-06-26,"June 26, 2026",June 2026,2026-06-26T00:00:00,"Heavy Metal, Heavy, Power Metal",https://heavymetalbest.com/album/crying-steel/agent-steel?albumId=EnImWCZ5SV1kyWkEQC2s,https://firebasestorage.googleapis.com/v0/b/heavy-metal-best.appspot.com/o/albums_img%2Fthumbnails%2FAgent-Steel-full-length_1781295129886_200_200.webp?alt=media&token=aaf8c281-e14a-4d7b-94ef-d001ed64bc03,EnImWCZ5SV1kyWkEQC2s,True
Ágona,O Além Ser,2026-06-26,"June 26, 2026",June 2026,2026-06-26T00:00:00,"Progressive Death, Thrash Metal",https://heavymetalbest.com/album/ágona/o-além-ser?albumId=G4tpLp73u6GWkWJfc0tJ,https://firebasestorage.googleapis.com/v0/b/heavy-metal-best.appspot.com/o/albums_img%2Fthumbnails%2FO-Além-Ser-full-length_1781295478329_200_200.webp?alt=media&token=4c894087-681e-460c-ad06-6e57965858bf,G4tpLp73u6GWkWJfc0tJ,True
Der Jäger,..In Which Evil Dwells,2026-06-26,"June 26, 2026",June 2026,2026-06-26T00:00:00,Heavy Metal,https://heavymetalbest.com/album/der-jäger/..in-which-evil-dwells?albumId=MHwZvniKQXKprYFtRfns,https://firebasestorage.googleapis.com/v0/b/heavy-metal-best.appspot.com/o/albums_img%2Fthumbnails%2F..In-Which-Evil-Dwells-full-length_1781295143033_200_200.webp?alt=media&token=f2d272fe-01df-41da-bc3e-a3d9ef3bfcaa,MHwZvniKQXKprYFtRfns,True
Forsmán,Brenndar rústir & fuðrandi fjörur,2026-06-26,"June 26, 2026",June 2026,2026-06-26T00:00:00,Black Metal,https://heavymetalbest.com/album/forsmán/brenndar-rústir-&-fuðrandi-fjörur?albumId=MOpjRjcGA8dk5S5iU1zU,https://firebasestorage.googleapis.com/v0/b/heavy-metal-best.appspot.com/o/albums_img%2Fthumbnails%2FBrenndar-rústir-&-fuðrandi-fjörur-full-length_1781286823670_200_200.webp?alt=media&token=a2456de6-bbf7-45dc-9a65-faaa7538c6ee,MOpjRjcGA8dk5S5iU1zU,True
Entgeist,Welk,2026-06-26,"June 26, 2026",June 2026,2026-06-26T00:00:00,,https://heavymetalbest.com/album/entgeist/welk?albumId=O2j4k3IORAak7xjsn5HX,https://firebasestorage.googleapis.com/v0/b/heavy-metal-best.appspot.com/o/albums_img%2Fthumbnails%2FWelk-full-length_1781286764632_200_200.webp?alt=media&token=429924d1-9062-4c99-b8b9-4445779751c2,O2j4k3IORAak7xjsn5HX,True
Feralia,Ultima Requies,2026-06-26,"June 26, 2026",June 2026,2026-06-26T00:00:00,Black Metal,https://heavymetalbest.com/album/feralia/ultima-requies?albumId=OVUu8HEYtFykUDNwRZaW,https://firebasestorage.googleapis.com/v0/b/heavy-metal-best.appspot.com/o/albums_img%2Fthumbnails%2FUltima-Requies-full-length_1781286812555_200_200.webp?alt=media&token=5575f5ca-813a-4cd0-b727-a514c12af790,OVUu8HEYtFykUDNwRZaW,True
Dead Kosmonaut,Retrospectre,2026-06-26,"June 26, 2026",June 2026,2026-06-26T00:00:00,Heavy Metal,https://heavymetalbest.com/album/dead-kosmonaut/retrospectre?albumId=QPPCeOwmvsmW3btMwzyQ,https://firebasestorage.googleapis.com/v0/b/heavy-metal-best.appspot.com/o/albums_img%2Fthumbnails%2FRetrospectre-full-length_1781208123201_200_200.webp?alt=media&token=1bafa844-416c-4d85-a398-a551deac5ea7,QPPCeOwmvsmW3btMwzyQ,True
Speedslut,Cimbrian Rites,2026-06-26,"June 26, 2026",June 2026,2026-06-26T00:00:00,,https://heavymetalbest.com/album/speedslut/cimbrian-rites?albumId=Qfd0bBLIL6DlPn8Xyemu,https://firebasestorage.googleapis.com/v0/b/heavy-metal-best.appspot.com/o/albums_img%2Fthumbnails%2FCimbrian-Rites-full-length_1781286963294_200_200.webp?alt=media&token=071514a9-725b-4d5d-a733-42c214b10325,Qfd0bBLIL6DlPn8Xyemu,True
Entropist,The Vision,2026-06-26,"June 26, 2026",June 2026,2026-06-26T00:00:00,,https://heavymetalbest.com/album/entropist/the-vision?albumId=RzFCXVdWay1sPknyEeVh,https://firebasestorage.googleapis.com/v0/b/heavy-metal-best.appspot.com/o/albums_img%2Fthumbnails%2FThe-Vision-full-length_1781286776526_200_200.webp?alt=media&token=035d67bc-7627-4d9c-9cfe-4aeaca82f998,RzFCXVdWay1sPknyEeVh,True
Fallen Moon Servant,...with a Stone in My Maw,2026-06-26,"June 26, 2026",June 2026,2026-06-26T00:00:00,Black Metal,https://heavymetalbest.com/album/fallen-moon-servant/...with-a-stone-in-my-maw?albumId=SFcpXM71aV4fjrSi1CN9,https://firebasestorage.googleapis.com/v0/b/heavy-metal-best.appspot.com/o/albums_img%2Fthumbnails%2F...with-a-Stone-in-My-Maw-full-length_1781295242766_200_200.webp?alt=media&token=56407c61-58e6-4408-87ac-843a893eeaad,SFcpXM71aV4fjrSi1CN9,True
Walg,VI,2026-06-26,"June 26, 2026",June 2026,2026-06-26T00:00:00,,https://heavymetalbest.com/album/walg/vi?albumId=SYg0gpVT2iu8x0r4sctm,https://firebasestorage.googleapis.com/v0/b/heavy-metal-best.appspot.com/o/albums_img%2Fthumbnails%2FVI-full-length_1781295449453_200_200.webp?alt=media&token=f02d3307-7b75-4a8c-a7f4-aa9583593af4,SYg0gpVT2iu8x0r4sctm,True
Masterplan,Metalmorphosis,2026-06-26,"June 26, 2026",June 2026,2026-06-26T00:00:00,Power Metal,https://heavymetalbest.com/album/masterplan/metalmorphosis?albumId=UvV1OhHD3rECVXg5Gbj9,https://firebasestorage.googleapis.com/v0/b/heavy-metal-best.appspot.com/o/albums_img%2Fthumbnails%2FMetalmorphosis-full-length_1781208227034_200_200.webp?alt=media&token=a6c54b64-0e51-4d1e-8446-3a9346ce2dbd,UvV1OhHD3rECVXg5Gbj9,True
Monument of Misanthropy,Washington State Charm,2026-06-26,"June 26, 2026",June 2026,2026-06-26T00:00:00,,https://heavymetalbest.com/album/monument-of-misanthropy/washington-state-charm?albumId=VQKZsTGAhCUbwTdrLaIB,https://firebasestorage.googleapis.com/v0/b/heavy-metal-best.appspot.com/o/albums_img%2Fthumbnails%2FWashington-State-Charm-full-length_1781286892815_200_200.webp?alt=media&token=7f40d917-9881-458e-908d-2cf544e822f7,VQKZsTGAhCUbwTdrLaIB,True
Ill Tidings,Seeds of True Rebirth,2026-06-26,"June 26, 2026",June 2026,2026-06-26T00:00:00,Black Metal,https://heavymetalbest.com/album/ill-tidings/seeds-of-true-rebirth?albumId=VlbRR71bS6tlXj04e9O3,https://firebasestorage.googleapis.com/v0/b/heavy-metal-best.appspot.com/o/albums_img%2Fthumbnails%2FSeeds-of-True-Rebirth-full-length_1781295311209_200_200.webp?alt=media&token=0dfa42b1-1fab-4f0b-9215-1f34f43fb9b9,VlbRR71bS6tlXj04e9O3,True
Anxious Arms,In the Shadow of the Cross,2026-06-26,"June 26, 2026",June 2026,2026-06-26T00:00:00,,https://heavymetalbest.com/album/anxious-arms/in-the-shadow-of-the-cross?albumId=ZUOAsrY892Vi2fwBTbfm,https://firebasestorage.googleapis.com/v0/b/heavy-metal-best.appspot.com/o/albums_img%2Fthumbnails%2FIn-the-Shadow-of-the-Cross-full-length_1781286702010_200_200.webp?alt=media&token=c1f67845-f7b1-409b-974e-09f52a17528d,ZUOAsrY892Vi2fwBTbfm,True
Nargaroth,Apocalyptic Steel,2026-06-26,"June 26, 2026",June 2026,2026-06-26T00:00:00,Black Metal,https://heavymetalbest.com/album/nargaroth/apocalyptic-steel?albumId=aPr6JijrFO6SCMqVqJDv,https://firebasestorage.googleapis.com/v0/b/heavy-metal-best.appspot.com/o/albums_img%2Fthumbnails%2FApocalyptic-Steel-full-length_1781208549013_200_200.webp?alt=media&token=eb233705-4167-4621-af8f-2227c53c4817,aPr6JijrFO6SCMqVqJDv,True
Vampyriia,Luxuria Sanguis Plenilunium,2026-06-26,"June 26, 2026",June 2026,2026-06-26T00:00:00,"Ambient, Drone, Black Metal",https://heavymetalbest.com/album/vampyriia/luxuria-sanguis-plenilunium?albumId=behwDld64yzVePZ7bpSG,https://firebasestorage.googleapis.com/v0/b/heavy-metal-best.appspot.com/o/albums_img%2Fthumbnails%2FLuxuria-Sanguis-Plenilunium-full-length_1781295440953_200_200.webp?alt=media&token=ea037918-c651-44e0-93b5-f4e2665eab3d,behwDld64yzVePZ7bpSG,True
Thætas,The Irredeemable Age,2026-06-26,"June 26, 2026",June 2026,2026-06-26T00:00:00,,https://heavymetalbest.com/album/thætas/the-irredeemable-age?albumId=cXJ8iicI46PtCrm2qlU7,https://firebasestorage.googleapis.com/v0/b/heavy-metal-best.appspot.com/o/albums_img%2Fthumbnails%2FThe-Irredeemable-Age-full-length_1781286987943_200_200.webp?alt=media&token=bcaaba93-5a9d-4d13-a805-ad474d0086dd,cXJ8iicI46PtCrm2qlU7,True
Eternios,Requiem for the North,2026-06-26,"June 26, 2026",June 2026,2026-06-26T00:00:00,,https://heavymetalbest.com/album/eternios/requiem-for-the-north?albumId=hz9wG7FVhFHpajdPO64X,https://firebasestorage.googleapis.com/v0/b/heavy-metal-best.appspot.com/o/albums_img%2Fthumbnails%2FRequiem-for-the-North-full-length_1781286793139_200_200.webp?alt=media&token=9eca5cd6-0940-454b-b2ee-b1f1bd9f506d,hz9wG7FVhFHpajdPO64X,True
End All,Hail Mind,2026-06-26,"June 26, 2026",June 2026,2026-06-26T00:00:00,Thrash Metal,https://heavymetalbest.com/album/end-all/hail-mind?albumId=iDXXxvPIXGkLvqzhc3Nq,https://firebasestorage.googleapis.com/v0/b/heavy-metal-best.appspot.com/o/albums_img%2Fthumbnails%2FHail-Mind-full-length_1781295230787_200_200.webp?alt=media&token=8358b818-b7fa-49c8-98e2-eca14bcd28c8,iDXXxvPIXGkLvqzhc3Nq,True
Plaguestorm,Path to Emptiness,2026-06-26,"June 26, 2026",June 2026,2026-06-26T00:00:00,,https://heavymetalbest.com/album/plaguestorm/path-to-emptiness?albumId=ise5zO2CAO09ZbAm7JtM,https://firebasestorage.googleapis.com/v0/b/heavy-metal-best.appspot.com/o/albums_img%2Fthumbnails%2FPath-to-Emptiness-full-length_1781295329334_200_200.webp?alt=media&token=40d912c7-8450-4e29-9b3c-0e846fc1078b,ise5zO2CAO09ZbAm7JtM,True
Mace 'n' Chain,Crowned in Grey Skies,2026-06-26,"June 26, 2026",June 2026,2026-06-26T00:00:00,Heavy Metal,https://heavymetalbest.com/album/mace-'n'-chain/crowned-in-grey-skies?albumId=j0aAwMVRlEK8UjsA1rce,https://firebasestorage.googleapis.com/v0/b/heavy-metal-best.appspot.com/o/albums_img%2Fthumbnails%2FCrowned-in-Grey-Skies-full-length_1781295322895_200_200.webp?alt=media&token=42a9f1a1-b591-4592-b78c-4a535ea56a1f,j0aAwMVRlEK8UjsA1rce,True
Iron Bones,Poison Riot,2026-06-26,"June 26, 2026",June 2026,2026-06-26T00:00:00,"Speed Metal, Heavy Metal, Heavy",https://heavymetalbest.com/album/iron-bones/poison-riot?albumId=jaTQ04UUxgDQa8SaPwLO,https://firebasestorage.googleapis.com/v0/b/heavy-metal-best.appspot.com/o/albums_img%2Fthumbnails%2FPoison-Riot-full-length_1781286878121_200_200.webp?alt=media&token=4b0df555-c74f-47a0-8247-7ac971a1ca8f,jaTQ04UUxgDQa8SaPwLO,True
Powerlöad,In the Pocket,2026-06-26,"June 26, 2026",June 2026,2026-06-26T00:00:00,"Punk, Heavy Metal",https://heavymetalbest.com/album/powerlöad/in-the-pocket?albumId=jokuYQECjsQ4iLkdDENX,https://firebasestorage.googleapis.com/v0/b/heavy-metal-best.appspot.com/o/albums_img%2Fthumbnails%2FIn-the-Pocket-full-length_1781286954295_200_200.webp?alt=media&token=70ed27f9-ed25-4119-982e-3cac47565b98,jokuYQECjsQ4iLkdDENX,True
Ill Omen,Cannot Be Controlled,2026-06-26,"June 26, 2026",June 2026,2026-06-26T00:00:00,Thrash Metal,https://heavymetalbest.com/album/ill-omen/cannot-be-controlled?albumId=n8zNNphmE9ZeIhooJvPf,https://firebasestorage.googleapis.com/v0/b/heavy-metal-best.appspot.com/o/albums_img%2Fthumbnails%2FCannot-Be-Controlled-full-length_1781295295738_200_200.webp?alt=media&token=be877590-dbc4-420e-9b47-f7ebe57fa5ff,n8zNNphmE9ZeIhooJvPf,True
Iskandr,Sacraal,2026-06-26,"June 26, 2026",June 2026,2026-06-26T00:00:00,"Gothic Rock, Folk, Black Metal",https://heavymetalbest.com/album/iskandr/sacraal?albumId=nLFWlpirXcEGcgUXfylw,https://firebasestorage.googleapis.com/v0/b/heavy-metal-best.appspot.com/o/albums_img%2Fthumbnails%2FSacraal-full-length_1781286885199_200_200.webp?alt=media&token=42dcea6b-5e5f-4ef5-bc83-2c472f3262c2,nLFWlpirXcEGcgUXfylw,True
Duir,Catarsi,2026-06-26,"June 26, 2026",June 2026,2026-06-26T00:00:00,"Atmospheric Folk, Black Metal",https://heavymetalbest.com/album/duir/catarsi?albumId=qoJTrC4RUMbHtJRJvFa4,https://firebasestorage.googleapis.com/v0/b/heavy-metal-best.appspot.com/o/albums_img%2Fthumbnails%2FCatarsi-full-length_1781286750440_200_200.webp?alt=media&token=3dddac9c-3f09-417c-9f44-cd0231aae889,qoJTrC4RUMbHtJRJvFa4,True
Seven Chains,"Swollen, In Flux",2026-06-26,"June 26, 2026",June 2026,2026-06-26T00:00:00,"Experimental Black, Death Metal","https://heavymetalbest.com/album/seven-chains/swollen,-in-flux?albumId=sMYDRvCwQ0QsHDN6ITQo","https://firebasestorage.googleapis.com/v0/b/heavy-metal-best.appspot.com/o/albums_img%2Fthumbnails%2FSwollen,-In-Flux-full-length_1781295371851_200_200.webp?alt=media&token=db99c219-5b72-460e-8828-0a50eb4ecf25",sMYDRvCwQ0QsHDN6ITQo,True
Amberian Dawn,Temptation's Gates,2026-06-26,"June 26, 2026",June 2026,2026-06-26T00:00:00,,https://heavymetalbest.com/album/amberian-dawn/temptation's-gates?albumId=w86nyTP1XuPAIKmUXMTd,https://firebasestorage.googleapis.com/v0/b/heavy-metal-best.appspot.com/o/albums_img%2Fthumbnails%2FTemptation's-Gates-full-length_1781208052585_200_200.webp?alt=media&token=777e6234-ae50-4d95-9cee-9a7375d4d3da,w86nyTP1XuPAIKmUXMTd,True
Valosta Varjoon,"Blut, Stahl und Leid",2026-06-24,"June 24, 2026",June 2026,2026-06-24T00:00:00,Black Metal,"https://heavymetalbest.com/album/valosta-varjoon/blut,-stahl-und-leid?albumId=8c43aNiSusN3LleJoMdX","https://firebasestorage.googleapis.com/v0/b/heavy-metal-best.appspot.com/o/albums_img%2Fthumbnails%2FBlut,-Stahl-und-Leid-full-length_1781208783482_200_200.webp?alt=media&token=9ad152e0-1530-4b26-8e97-8760922631b3",8c43aNiSusN3LleJoMdX,True
Sinthetik Sentienz,Totalitarian,2026-06-24,"June 24, 2026",June 2026,2026-06-24T00:00:00,,https://heavymetalbest.com/album/sinthetik-sentienz/totalitarian?albumId=DbtBKtfm7sQFEbN09SRU,https://firebasestorage.googleapis.com/v0/b/heavy-metal-best.appspot.com/o/albums_img%2Fthumbnails%2FTotalitarian-full-length_1781208695797_200_200.webp?alt=media&token=ddff64da-402e-4e8b-969a-bf3e217b5220,DbtBKtfm7sQFEbN09SRU,True
Saki,Pluvia,2026-06-24,"June 24, 2026",June 2026,2026-06-24T00:00:00,Power Metal,https://heavymetalbest.com/album/saki/pluvia?albumId=SxfXyFYFwLOTbahUsmwM,https://firebasestorage.googleapis.com/v0/b/heavy-metal-best.appspot.com/o/albums_img%2Fthumbnails%2FPluvia-full-length_1781208687784_200_200.webp?alt=media&token=d3fba69f-08cf-41ba-8ae7-0fd3f5e93e00,SxfXyFYFwLOTbahUsmwM,True
Rose Rose,Inhuman Emotions,2026-06-24,"June 24, 2026",June 2026,2026-06-24T00:00:00,"Death Metal, Grindcore, Crossover, Thrash, Thrash Metal, Hardcore Punk",https://heavymetalbest.com/album/rose-rose/inhuman-emotions?albumId=YrNHr5I2bh6afCEaEzDw,https://firebasestorage.googleapis.com/v0/b/heavy-metal-best.appspot.com/o/albums_img%2Fthumbnails%2FInhuman-Emotions-full-length_1781208666924_200_200.webp?alt=media&token=2975834b-677f-41db-93a3-00b028b8254e,YrNHr5I2bh6afCEaEzDw,True
Troy the Band,(Des),2026-06-23,"June 23, 2026",June 2026,2026-06-23T00:00:00,"Doom Metal, Stoner",https://heavymetalbest.com/album/troy-the-band/(des)?albumId=PX4OzDeVHFbftf6PoPgi,https://firebasestorage.googleapis.com/v0/b/heavy-metal-best.appspot.com/o/albums_img%2Fthumbnails%2F(Des)-full-length_1781208753371_200_200.webp?alt=media&token=f7a7f275-c7fc-41ed-bbf5-fa22241399d2,PX4OzDeVHFbftf6PoPgi,True
Psicorragia,Nekromanthra,2026-06-23,"June 23, 2026",June 2026,2026-06-23T00:00:00,"Doom Metal, Death Metal, Death",https://heavymetalbest.com/album/psicorragia/nekromanthra?albumId=WNDucWmwQ3ctmNTlicSj,https://firebasestorage.googleapis.com/v0/b/heavy-metal-best.appspot.com/o/albums_img%2Fthumbnails%2FNekromanthra-full-length_1781208641226_200_200.webp?alt=media&token=2ffa3fed-ed07-4311-8672-d970a8ddc070,WNDucWmwQ3ctmNTlicSj,True
Steelballs,Rebels,2026-06-22,"June 22, 2026",June 2026,2026-06-22T00:00:00,"Power, Speed Metal, Power Metal",https://heavymetalbest.com/album/steelballs/rebels?albumId=2SiPThrZDt7mrZy5WMEo,https://firebasestorage.googleapis.com/v0/b/heavy-metal-best.appspot.com/o/albums_img%2Fthumbnails%2FRebels-full-length_1781295400581_200_200.webp?alt=media&token=fb2a5e8c-7bfa-465b-99cc-6ebb94cdb885,2SiPThrZDt7mrZy5WMEo,True
Fogos,Of Wyrm and Men,2026-06-21,"June 21, 2026",June 2026,2026-06-21T00:00:00,Black Metal,https://heavymetalbest.com/album/fogos/of-wyrm-and-men?albumId=cfgsjaHgjzdFkc258owu,https://firebasestorage.googleapis.com/v0/b/heavy-metal-best.appspot.com/o/albums_img%2Fthumbnails%2FOf-Wyrm-and-Men-full-length_1781208147735_200_200.webp?alt=media&token=ad13c3d6-a303-4dcd-a267-6d00ab34fade,cfgsjaHgjzdFkc258owu,False
Mortiis,Ghosts of Europa,2026-06-21,"June 21, 2026",June 2026,2026-06-21T00:00:00,,https://heavymetalbest.com/album/mortiis/ghosts-of-europa?albumId=KRh7raooEohU1W9FFVp9,https://firebasestorage.googleapis.com/v0/b/heavy-metal-best.appspot.com/o/albums_img%2Fthumbnails%2FGhosts-of-Europa-full-length_1781208435216_200_200.webp?alt=media&token=f566110d-8249-4574-b5bb-cc15a03d2d1b,KRh7raooEohU1W9FFVp9,False
Degenerated,Echoes of Infection,2026-06-19,"June 19, 2026",June 2026,2026-06-19T00:00:00,Death Metal,https://heavymetalbest.com/album/degenerated/echoes-of-infection?albumId=9vQbmqpoYJltOvDKQSQk,https://firebasestorage.googleapis.com/v0/b/heavy-metal-best.appspot.com/o/albums_img%2Fthumbnails%2FEchoes-of-Infection-full-length_1779037069481_200_200.webp?alt=media&token=62b0d614-0da3-4fd9-a422-79bcd86d3c53,9vQbmqpoYJltOvDKQSQk,False
Gold Spire,Steps into Shadow,2026-06-19,"June 19, 2026",June 2026,2026-06-19T00:00:00,"Avant-garde Death, Doom Metal",https://heavymetalbest.com/album/gold-spire/steps-into-shadow?albumId=2SkFIOiBTpXgODHFqiVo,https://firebasestorage.googleapis.com/v0/b/heavy-metal-best.appspot.com/o/albums_img%2Fthumbnails%2FSteps-into-Shadow-full-length_1780766375351_200_200.webp?alt=media&token=af0e079d-886c-4f88-8701-0de99ae08a7a,2SkFIOiBTpXgODHFqiVo,True
Iron Kobra,Eternal Dagger,2026-06-19,"June 19, 2026",June 2026,2026-06-19T00:00:00,Heavy Metal,https://heavymetalbest.com/album/iron-kobra/eternal-dagger?albumId=2oZ4gDuSEvtWIRVx3x7p,https://firebasestorage.googleapis.com/v0/b/heavy-metal-best.appspot.com/o/albums_img%2Fthumbnails%2FEternal-Dagger-full-length_1780766444259_200_200.webp?alt=media&token=96775acb-2fcc-4b55-a88f-34e4b7c8954c,2oZ4gDuSEvtWIRVx3x7p,True
Conflux,In the Wake of Saturn,2026-06-19,"June 19, 2026",June 2026,2026-06-19T00:00:00,,https://heavymetalbest.com/album/conflux/in-the-wake-of-saturn?albumId=51qjBPXLGVpqsc7U9P0s,https://firebasestorage.googleapis.com/v0/b/heavy-metal-best.appspot.com/o/albums_img%2Fthumbnails%2FIn-the-Wake-of-Saturn-full-length_1780766270689_200_200.webp?alt=media&token=dd6e9990-ebcd-470b-8d6a-9b8eb836cac7,51qjBPXLGVpqsc7U9P0s,True
Inscribed,Upon the Twisted Throne,2026-06-19,"June 19, 2026",June 2026,2026-06-19T00:00:00,"Thrash Metal, Death Metal, Death",https://heavymetalbest.com/album/inscribed/upon-the-twisted-throne?albumId=5PDzV3VcJX82gUSl6dpZ,https://firebasestorage.googleapis.com/v0/b/heavy-metal-best.appspot.com/o/albums_img%2Fthumbnails%2FUpon-the-Twisted-Throne-full-length_1780766390314_200_200.webp?alt=media&token=b8565841-ff66-406f-8bbc-53ccb90afa99,5PDzV3VcJX82gUSl6dpZ,True
Inherits the Void,The Silent Abscission,2026-06-19,"June 19, 2026",June 2026,2026-06-19T00:00:00,,https://heavymetalbest.com/album/inherits-the-void/the-silent-abscission?albumId=8MpgMHZGB1avlLeMNsdp,https://firebasestorage.googleapis.com/v0/b/heavy-metal-best.appspot.com/o/albums_img%2Fthumbnails%2FThe-Silent-Abscission-full-length_1780766380878_200_200.webp?alt=media&token=bfcad6d8-08a6-485b-a4bb-e21ee55d5491,8MpgMHZGB1avlLeMNsdp,True
Einherjer,Lifeblood,2026-06-19,"June 19, 2026",June 2026,2026-06-19T00:00:00,,https://heavymetalbest.com/album/einherjer/lifeblood?albumId=CquVJEJhozPud9TwP0d6,https://firebasestorage.googleapis.com/v0/b/heavy-metal-best.appspot.com/o/albums_img%2Fthumbnails%2FLifeblood-full-length_1780766334373_200_200.webp?alt=media&token=3a33844b-5b01-4526-8294-74826d5000dc,CquVJEJhozPud9TwP0d6,True
Axemaster,Of Beasts and Plagues,2026-06-19,"June 19, 2026",June 2026,2026-06-19T00:00:00,"Heavy Metal, Heavy, Power Metal",https://heavymetalbest.com/album/axemaster/of-beasts-and-plagues?albumId=IYh8AGJQHDtvY89Gl3SC,https://firebasestorage.googleapis.com/v0/b/heavy-metal-best.appspot.com/o/albums_img%2Fthumbnails%2FOf-Beasts-and-Plagues-full-length_1780766261703_200_200.webp?alt=media&token=47b9d70a-2347-47e9-88e3-562a2eb11838,IYh8AGJQHDtvY89Gl3SC,True
Saidan,Fangdriller: Scars Beneath Memory's Wrist,2026-06-19,"June 19, 2026",June 2026,2026-06-19T00:00:00,Black Metal,https://heavymetalbest.com/album/saidan/fangdriller:-scars-beneath-memory's-wrist?albumId=KI43iGjIuq72YP8bqDKK,https://firebasestorage.googleapis.com/v0/b/heavy-metal-best.appspot.com/o/albums_img%2Fthumbnails%2FFangdriller-Scars-Beneath-Memory's-Wrist-full-length_1780766534778_200_200.webp?alt=media&token=40ea64f0-3fab-4f85-a52b-8f602efd980d,KI43iGjIuq72YP8bqDKK,True
Flykt,Sinister Strain,2026-06-19,"June 19, 2026",June 2026,2026-06-19T00:00:00,Black Metal,https://heavymetalbest.com/album/flykt/sinister-strain?albumId=PZ20GaHOUwuxR2gxnqI8,https://firebasestorage.googleapis.com/v0/b/heavy-metal-best.appspot.com/o/albums_img%2Fthumbnails%2FSinister-Strain-full-length_1780766365294_200_200.webp?alt=media&token=7726346c-ed9c-486c-a3b4-fec10e456085,PZ20GaHOUwuxR2gxnqI8,True
Avarice,Perpetual Ruin,2026-06-19,"June 19, 2026",June 2026,2026-06-19T00:00:00,"Melodic Death, Thrash Metal",https://heavymetalbest.com/album/avarice/perpetual-ruin?albumId=TlUO4LuCfrCnrcdc7oqn,https://firebasestorage.googleapis.com/v0/b/heavy-metal-best.appspot.com/o/albums_img%2Fthumbnails%2FPerpetual-Ruin-full-length_1780766182537_200_200.webp?alt=media&token=79b9d4e3-62ea-4d8d-a834-34bd4940188e,TlUO4LuCfrCnrcdc7oqn,True
Lumen ad Mortem,A Grave Ascent,2026-06-19,"June 19, 2026",June 2026,2026-06-19T00:00:00,Black Metal,https://heavymetalbest.com/album/lumen-ad-mortem/a-grave-ascent?albumId=VYUUTKsIIts7efPcarp2,https://firebasestorage.googleapis.com/v0/b/heavy-metal-best.appspot.com/o/albums_img%2Fthumbnails%2FA-Grave-Ascent-full-length_1780766464662_200_200.webp?alt=media&token=010e75ef-2413-4618-a302-fa6e4124bb90,VYUUTKsIIts7efPcarp2,True
Warthrash,No Light Shall Remain,2026-06-19,"June 19, 2026",June 2026,2026-06-19T00:00:00,"Thrash Metal, Death Metal, Thrash",https://heavymetalbest.com/album/warthrash/no-light-shall-remain?albumId=abTUs5wxYe1EZrSzEM6j,https://firebasestorage.googleapis.com/v0/b/heavy-metal-best.appspot.com/o/albums_img%2Fthumbnails%2FNo-Light-Shall-Remain-full-length_1780766651490_200_200.webp?alt=media&token=a75d27e4-e6c3-43bc-9aae-f125b59bca90,abTUs5wxYe1EZrSzEM6j,True
Scordatura,Led into Oblivion,2026-06-19,"June 19, 2026",June 2026,2026-06-19T00:00:00,Death Metal,https://heavymetalbest.com/album/scordatura/led-into-oblivion?albumId=cDjA3VMKEXSuTCbTxHH2,https://firebasestorage.googleapis.com/v0/b/heavy-metal-best.appspot.com/o/albums_img%2Fthumbnails%2FLed-into-Oblivion-full-length_1780766586006_200_200.webp?alt=media&token=6feb69a6-236a-4a5b-994a-7e4f25e15e37,cDjA3VMKEXSuTCbTxHH2,True
Arrogant Destruktor,The Old Spirit Remains,2026-06-19,"June 19, 2026",June 2026,2026-06-19T00:00:00,Black Metal,https://heavymetalbest.com/album/arrogant-destruktor/the-old-spirit-remains?albumId=h5Q1nYbistY36fRWsnRz,https://firebasestorage.googleapis.com/v0/b/heavy-metal-best.appspot.com/o/albums_img%2Fthumbnails%2FThe-Old-Spirit-Remains-full-length_1780766154331_200_200.webp?alt=media&token=b7f4f0a5-4019-49b4-8262-4dc5c7ffff5f,h5Q1nYbistY36fRWsnRz,True
Drakkar,Invasion,2026-06-19,"June 19, 2026",June 2026,2026-06-19T00:00:00,"Power, Speed Metal, Power Metal",https://heavymetalbest.com/album/drakkar/invasion?albumId=ib1A1tAau9eDQpbtJiDA,https://firebasestorage.googleapis.com/v0/b/heavy-metal-best.appspot.com/o/albums_img%2Fthumbnails%2FInvasion-full-length_1780766321416_200_200.webp?alt=media&token=4c88fbd5-9275-4e1a-b099-35a841b83683,ib1A1tAau9eDQpbtJiDA,True
Halo of Teeth,Meditations on Dying,2026-06-19,"June 19, 2026",June 2026,2026-06-19T00:00:00,,https://heavymetalbest.com/album/halo-of-teeth/meditations-on-dying?albumId=k94TppPqIqlz5SRUZsDx,https://firebasestorage.googleapis.com/v0/b/heavy-metal-best.appspot.com/o/albums_img%2Fthumbnails%2FMeditations-on-Dying-full-length_1780489327975_200_200.webp?alt=media&token=6ee14821-b850-4013-9514-58afc6f2caa8,k94TppPqIqlz5SRUZsDx,True
Loneshore,Nothing Left to Deconstruct,2026-06-19,"June 19, 2026",June 2026,2026-06-19T00:00:00,"Melodic Progressive Doom, Death Metal",https://heavymetalbest.com/album/loneshore/nothing-left-to-deconstruct?albumId=oG1sjld8eFjVWoAmeWvV,https://firebasestorage.googleapis.com/v0/b/heavy-metal-best.appspot.com/o/albums_img%2Fthumbnails%2FNothing-Left-to-Deconstruct-full-length_1780766453329_200_200.webp?alt=media&token=becd5048-02b6-4064-a82c-091e354b6812,oG1sjld8eFjVWoAmeWvV,True
One Day in Pain,Devouring the Gods,2026-06-19,"June 19, 2026",June 2026,2026-06-19T00:00:00,Death Metal,https://heavymetalbest.com/album/one-day-in-pain/devouring-the-gods?albumId=q9hm3VsArowxQz5hUo25,https://firebasestorage.googleapis.com/v0/b/heavy-metal-best.appspot.com/o/albums_img%2Fthumbnails%2FDevouring-the-Gods-full-length_1780766502291_200_200.webp?alt=media&token=6fba34aa-1f10-4fab-8735-b46c09310c33,q9hm3VsArowxQz5hUo25,True
Red Vinter,Ghost in the Fog,2026-06-19,"June 19, 2026",June 2026,2026-06-19T00:00:00,"Doom Metal, Death Metal, Death",https://heavymetalbest.com/album/red-vinter/ghost-in-the-fog?albumId=qMLCaInxDpujwRK7VhRr,https://firebasestorage.googleapis.com/v0/b/heavy-metal-best.appspot.com/o/albums_img%2Fthumbnails%2FGhost-in-the-Fog-full-length_1780766518075_200_200.webp?alt=media&token=5dcbf268-ca5e-4110-90af-d6c35b0d02db,qMLCaInxDpujwRK7VhRr,True
Nirriti,Dhrupad Anutpada (ধ্রুপদ অনুৎপাদ): Apophatic Ragas of Non-Origination,2026-06-19,"June 19, 2026",June 2026,2026-06-19T00:00:00,"Black, Death Metal, Black Metal",https://heavymetalbest.com/album/nirriti/dhrupad-anutpada-(ধ্রুপদ-অনুৎপাদ):-apophatic-ragas-of-non-origination?albumId=rxX2OpNIasumwlZlo0iV,https://firebasestorage.googleapis.com/v0/b/heavy-metal-best.appspot.com/o/albums_img%2Fthumbnails%2FDhrupad-Anutpada-(ধ্রুপদ-অনুৎপাদ)-Apophatic-Ragas-of-Non-Origination-full-length_1780766473017_200_200.webp?alt=media&token=65a664de-8375-430c-9258-4ba5cb851294,rxX2OpNIasumwlZlo0iV,True
Warning,Rituals of Shame,2026-06-19,"June 19, 2026",June 2026,2026-06-19T00:00:00,Doom Metal,https://heavymetalbest.com/album/warning/rituals-of-shame?albumId=sqdQbTwZLqT78v2BdpzZ,https://firebasestorage.googleapis.com/v0/b/heavy-metal-best.appspot.com/o/albums_img%2Fthumbnails%2FRituals-of-Shame-full-length_1780766627888_200_200.webp?alt=media&token=eabc2608-c783-41ca-a9e2-1ba5dd5b5bae,sqdQbTwZLqT78v2BdpzZ,True
Destructor,Tales of Glory,2026-06-19,"June 19, 2026",June 2026,2026-06-19T00:00:00,"Thrash, Power Metal, Heavy Metal, Thrash Metal, Heavy",https://heavymetalbest.com/album/destructor/tales-of-glory?albumId=QYJwL6VXMVuopXMZMvGy,https://firebasestorage.googleapis.com/v0/b/heavy-metal-best.appspot.com/o/albums_img%2Fthumbnails%2FTales-of-Glory-full-length_1781208136419_200_200.webp?alt=media&token=a152a0c0-786f-40bc-8933-89b25f8c2f9c,QYJwL6VXMVuopXMZMvGy,False
Traitor,Alive,2026-06-17,"June 17, 2026",June 2026,2026-06-17T00:00:00,"Power, Speed Metal, Power Metal",https://heavymetalbest.com/album/traitor/alive?albumId=C5xMg6d4f8lhidoZNgSI,https://firebasestorage.googleapis.com/v0/b/heavy-metal-best.appspot.com/o/albums_img%2Fthumbnails%2FAlive-full-length_1780489409100_200_200.webp?alt=media&token=24771516-5122-424a-b0bc-b5368525286c,C5xMg6d4f8lhidoZNgSI,True
Vomepotro,Fall Into Decay,2026-06-17,"June 17, 2026",June 2026,2026-06-17T00:00:00,,https://heavymetalbest.com/album/vomepotro/fall-into-decay?albumId=I1CymKTpP7pb282KANxu,https://firebasestorage.googleapis.com/v0/b/heavy-metal-best.appspot.com/o/albums_img%2Fthumbnails%2FFall-Into-Decay-full-length_1780489451901_200_200.webp?alt=media&token=4adbe36b-728a-4223-be4e-49708bb60138,I1CymKTpP7pb282KANxu,True
摩天楼オペラ,Cinematographe,2026-06-17,"June 17, 2026",June 2026,2026-06-17T00:00:00,,https://heavymetalbest.com/album/摩天楼オペラ/cinematographe?albumId=XblFekwYZM4vVcXifI2D,https://firebasestorage.googleapis.com/v0/b/heavy-metal-best.appspot.com/o/albums_img%2Fthumbnails%2FCinematographe-full-length_1780489554131_200_200.webp?alt=media&token=7ae23516-4d9f-4a8a-b5e9-31b57bc92516,XblFekwYZM4vVcXifI2D,True
- EL -,The Angelarium,2026-06-16,"June 16, 2026",June 2026,2026-06-16T00:00:00,,https://heavymetalbest.com/album/--el--/the-angelarium?albumId=sdUv7xyUXoOJXAOm1RaY,https://firebasestorage.googleapis.com/v0/b/heavy-metal-best.appspot.com/o/albums_img%2Fthumbnails%2FThe-Angelarium-full-length_1780489217671_200_200.webp?alt=media&token=4e162c05-3f98-4826-b3cd-234857178cd8,sdUv7xyUXoOJXAOm1RaY,True
Sinamort,Breathing Cargo,2026-06-15,"June 15, 2026",June 2026,2026-06-15T00:00:00,"Doom Metal, Gothic, Death Metal, Doom",https://heavymetalbest.com/album/sinamort/breathing-cargo?albumId=SbAkoyLrcpI8jZzZZ5uw,https://firebasestorage.googleapis.com/v0/b/heavy-metal-best.appspot.com/o/albums_img%2Fthumbnails%2FBreathing-Cargo-full-length_1780489367159_200_200.webp?alt=media&token=d817bb28-1fd9-4039-8025-67c5035502a1,SbAkoyLrcpI8jZzZZ5uw,True
Mossystone,Paysages Tristes,2026-06-15,"June 15, 2026",June 2026,2026-06-15T00:00:00,,https://heavymetalbest.com/album/mossystone/paysages-tristes?albumId=omSL0tHmSdVkotuAUcnm,https://firebasestorage.googleapis.com/v0/b/heavy-metal-best.appspot.com/o/albums_img%2Fthumbnails%2FPaysages-Tristes-full-length_1780489353910_200_200.webp?alt=media&token=7dbe0a8d-814b-4be3-9f66-3e066563f73a,omSL0tHmSdVkotuAUcnm,True
Tarja,Frisson noir,2026-06-12,"June 12, 2026",June 2026,2026-06-12T00:00:00,,https://heavymetalbest.com/album/tarja/frisson-noir?albumId=7RcaSIMGLW3or7pGYfte,https://firebasestorage.googleapis.com/v0/b/heavy-metal-best.appspot.com/o/albums_img%2Fthumbnails%2FFrisson-noir-full-length_1779310504103_200_200.webp?alt=media&token=ac3e4107-edc7-49bd-82b2-70c2dc06408f,7RcaSIMGLW3or7pGYfte,True
Atomic Terror,Acts of Violence,2026-06-12,"June 12, 2026",June 2026,2026-06-12T00:00:00,Thrash Metal,https://heavymetalbest.com/album/atomic-terror/acts-of-violence?albumId=2i0ZRShAoU8zSMdPjqZe,https://firebasestorage.googleapis.com/v0/b/heavy-metal-best.appspot.com/o/albums_img%2Fthumbnails%2FActs-of-Violence-full-length_1780047656303_200_200.webp?alt=media&token=5c10513b-9833-4bdf-9367-5b70d66916bf,2i0ZRShAoU8zSMdPjqZe,True
Vanden Plas,AcCult 2,2026-06-12,"June 12, 2026",June 2026,2026-06-12T00:00:00,Progressive Metal,https://heavymetalbest.com/album/vanden-plas/accult-2?albumId=2iqkfuhLtOzc0HOuXUdi,https://firebasestorage.googleapis.com/v0/b/heavy-metal-best.appspot.com/o/albums_img%2Fthumbnails%2FAcCult-2-full-length_1779875511198_200_200.webp?alt=media&token=c7654cc5-d43b-4b7b-a8a9-35e8e4d9f0ae,2iqkfuhLtOzc0HOuXUdi,True
Ka'aper,When Gods Walked the Earth,2026-06-12,"June 12, 2026",June 2026,2026-06-12T00:00:00,,https://heavymetalbest.com/album/ka'aper/when-gods-walked-the-earth?albumId=3MnM0JcylPJ8HeATwBwv,https://firebasestorage.googleapis.com/v0/b/heavy-metal-best.appspot.com/o/albums_img%2Fthumbnails%2FWhen-Gods-Walked-the-Earth-full-length_1779969746063_200_200.webp?alt=media&token=4fc9aee5-a561-4c83-b992-92db614a71ca,3MnM0JcylPJ8HeATwBwv,True
Ljuset,Ljuset,2026-06-12,"June 12, 2026",June 2026,2026-06-12T00:00:00,"Melodic Black Metal, Post-Punk, Black Metal",https://heavymetalbest.com/album/ljuset/ljuset?albumId=5K0JB1ysA5oEP9ciBOqu,https://firebasestorage.googleapis.com/v0/b/heavy-metal-best.appspot.com/o/albums_img%2Fthumbnails%2FLjuset-full-length_1779969782877_200_200.webp?alt=media&token=622bbca0-db9a-4964-957d-90b055089d50,5K0JB1ysA5oEP9ciBOqu,True
Estertor,Evil Black Church,2026-06-12,"June 12, 2026",June 2026,2026-06-12T00:00:00,Thrash Metal,https://heavymetalbest.com/album/estertor/evil-black-church?albumId=62amkCOV16hOrze2ly3D,https://firebasestorage.googleapis.com/v0/b/heavy-metal-best.appspot.com/o/albums_img%2Fthumbnails%2FEvil-Black-Church-full-length_1779875025836_200_200.webp?alt=media&token=e27aaffe-89b0-4ba7-85c3-7a7ac3388273,62amkCOV16hOrze2ly3D,True
King Potenaz,Arcane Desert Rituals Vol. 2,2026-06-12,"June 12, 2026",June 2026,2026-06-12T00:00:00,"Doom Metal, Stoner Metal, Rock, Doom",https://heavymetalbest.com/album/king-potenaz/arcane-desert-rituals-vol.-2?albumId=7UTNMvVe9nmaLX3Eztna,https://firebasestorage.googleapis.com/v0/b/heavy-metal-best.appspot.com/o/albums_img%2Fthumbnails%2FArcane-Desert-Rituals-Vol.-2-full-length_1780048060845_200_200.webp?alt=media&token=0cab3498-022c-47bb-a69d-6f96ea25fd3a,7UTNMvVe9nmaLX3Eztna,True
Cornucopia,Cosmic Consciousness,2026-06-12,"June 12, 2026",June 2026,2026-06-12T00:00:00,Thrash Metal,https://heavymetalbest.com/album/cornucopia/cosmic-consciousness?albumId=Avzt3Rm26NK8arP9AhlV,https://firebasestorage.googleapis.com/v0/b/heavy-metal-best.appspot.com/o/albums_img%2Fthumbnails%2FCosmic-Consciousness-full-length_1779874922896_200_200.webp?alt=media&token=0135b3bc-7221-4769-b5e4-1cf642014729,Avzt3Rm26NK8arP9AhlV,True
BalashToth,Equation II - The Antithesis of Life and Free Will,2026-06-12,"June 12, 2026",June 2026,2026-06-12T00:00:00,"Thrash Metal, Death Metal, Death",https://heavymetalbest.com/album/balashtoth/equation-ii---the-antithesis-of-life-and-free-will?albumId=E0j2dXrJcjA3iHSyuZeT,https://firebasestorage.googleapis.com/v0/b/heavy-metal-best.appspot.com/o/albums_img%2Fthumbnails%2FEquation-II---The-Antithesis-of-Life-and-Free-Will-full-length_1779968621611_200_200.webp?alt=media&token=8401c643-888a-489c-8fc3-17a2b8ee7377,E0j2dXrJcjA3iHSyuZeT,True
Woewarden,The Roots of My Neglect,2026-06-12,"June 12, 2026",June 2026,2026-06-12T00:00:00,,https://heavymetalbest.com/album/woewarden/the-roots-of-my-neglect?albumId=Hsd6xZeosRMeTFquy85M,https://firebasestorage.googleapis.com/v0/b/heavy-metal-best.appspot.com/o/albums_img%2Fthumbnails%2FThe-Roots-of-My-Neglect-full-length_1779969913818_200_200.webp?alt=media&token=c833b3f7-b8ad-4791-a167-0340b43db577,Hsd6xZeosRMeTFquy85M,True
Defiled,Altered State,2026-06-12,"June 12, 2026",June 2026,2026-06-12T00:00:00,Death Metal,https://heavymetalbest.com/album/defiled/altered-state?albumId=Ke9CRDi3r2Wl2NzCBSWr,https://firebasestorage.googleapis.com/v0/b/heavy-metal-best.appspot.com/o/albums_img%2Fthumbnails%2FAltered-State-full-length_1779874974690_200_200.webp?alt=media&token=51f6cec8-447e-4aac-b970-c80331311a99,Ke9CRDi3r2Wl2NzCBSWr,True
Goetia,Mortuary Cult,2026-06-12,"June 12, 2026",June 2026,2026-06-12T00:00:00,Death Metal,https://heavymetalbest.com/album/goetia/mortuary-cult?albumId=LXGMJqtF7W8SSRmclNT2,https://firebasestorage.googleapis.com/v0/b/heavy-metal-best.appspot.com/o/albums_img%2Fthumbnails%2FMortuary-Cult-full-length_1779969707457_200_200.webp?alt=media&token=aa77a3aa-bf26-453f-af4a-1ed32cec7494,LXGMJqtF7W8SSRmclNT2,True
Nuclear Tomb,Epoch Inhumane,2026-06-12,"June 12, 2026",June 2026,2026-06-12T00:00:00,"Progressive Thrash, Death Metal",https://heavymetalbest.com/album/nuclear-tomb/epoch-inhumane?albumId=PmwI3B3qZhCF1xBTIkoU,https://firebasestorage.googleapis.com/v0/b/heavy-metal-best.appspot.com/o/albums_img%2Fthumbnails%2FEpoch-Inhumane-full-length_1779875279104_200_200.webp?alt=media&token=0dcb4274-8744-4ab9-9f1a-1b16d7d4a0a9,PmwI3B3qZhCF1xBTIkoU,True
Goreworm,Miasmic Solitude,2026-06-12,"June 12, 2026",June 2026,2026-06-12T00:00:00,,https://heavymetalbest.com/album/goreworm/miasmic-solitude?albumId=RTzw5CWiY3jdpGyVCzdS,https://firebasestorage.googleapis.com/v0/b/heavy-metal-best.appspot.com/o/albums_img%2Fthumbnails%2FMiasmic-Solitude-full-length_1779875078401_200_200.webp?alt=media&token=106ad403-d5db-40ad-9262-aef0ef8f840b,RTzw5CWiY3jdpGyVCzdS,True
Fires in the Distance,Circadian Promise,2026-06-12,"June 12, 2026",June 2026,2026-06-12T00:00:00,"Death Metal, Melodic Doom",https://heavymetalbest.com/album/fires-in-the-distance/circadian-promise?albumId=SC7uIiFbmouNsdwuSSbP,https://firebasestorage.googleapis.com/v0/b/heavy-metal-best.appspot.com/o/albums_img%2Fthumbnails%2FCircadian-Promise-full-length_1779969600562_200_200.webp?alt=media&token=cb759629-6d9d-4328-b275-c644e824d884,SC7uIiFbmouNsdwuSSbP,True
MΛKE,Exegesis at the End of Time,2026-06-12,"June 12, 2026",June 2026,2026-06-12T00:00:00,"Doom Metal, Post-Rock, Progressive Sludge",https://heavymetalbest.com/album/mλke/exegesis-at-the-end-of-time?albumId=UeIeEAKIRA6p8zgqDnw7,https://firebasestorage.googleapis.com/v0/b/heavy-metal-best.appspot.com/o/albums_img%2Fthumbnails%2FExegesis-at-the-End-of-Time-full-length_1779969846823_200_200.webp?alt=media&token=76058236-cf86-461d-854d-c9e690af89ed,UeIeEAKIRA6p8zgqDnw7,True
Hecate,Comment est la nuit ?,2026-06-12,"June 12, 2026",June 2026,2026-06-12T00:00:00,Black Metal,https://heavymetalbest.com/album/hecate/comment-est-la-nuit-?albumId=aUOatF1s7Opo5TJYRwrF,https://firebasestorage.googleapis.com/v0/b/heavy-metal-best.appspot.com/o/albums_img%2Fthumbnails%2FComment-est-la-nuit--full-length_1779969734271_200_200.webp?alt=media&token=3ae947c2-c954-4498-82c7-dd0540c97128,aUOatF1s7Opo5TJYRwrF,True
Lex Legion,Lex Legion,2026-06-12,"June 12, 2026",June 2026,2026-06-12T00:00:00,Heavy Metal,https://heavymetalbest.com/album/lex-legion/lex-legion?albumId=bQJhZ59x6GT0Uizi4gxg,https://firebasestorage.googleapis.com/v0/b/heavy-metal-best.appspot.com/o/albums_img%2Fthumbnails%2FLex-Legion-full-length_1779969768623_200_200.webp?alt=media&token=dd0f37f1-a563-4e5c-a8a0-ad7c8ecf37f1,bQJhZ59x6GT0Uizi4gxg,True
Numen,Erre,2026-06-12,"June 12, 2026",June 2026,2026-06-12T00:00:00,"Black, Black Metal, Folk Metal",https://heavymetalbest.com/album/numen/erre?albumId=dMta6cqpUBDEI9vla8Uq,https://firebasestorage.googleapis.com/v0/b/heavy-metal-best.appspot.com/o/albums_img%2Fthumbnails%2FErre-full-length_1779969879084_200_200.webp?alt=media&token=47f4f1b3-5589-419b-9e4a-db838a638453,dMta6cqpUBDEI9vla8Uq,True
Saprobiontic,Of Fire and Bloodshed,2026-06-12,"June 12, 2026",June 2026,2026-06-12T00:00:00,,https://heavymetalbest.com/album/saprobiontic/of-fire-and-bloodshed?albumId=ekn5EGuaSFS2dPai0pZc,https://firebasestorage.googleapis.com/v0/b/heavy-metal-best.appspot.com/o/albums_img%2Fthumbnails%2FOf-Fire-and-Bloodshed-full-length_1779875433637_200_200.webp?alt=media&token=cc2c7a77-091a-495f-95c1-c387ebc44d80,ekn5EGuaSFS2dPai0pZc,True
Moontowers,Lethal Messiah,2026-06-12,"June 12, 2026",June 2026,2026-06-12T00:00:00,Heavy Metal,https://heavymetalbest.com/album/moontowers/lethal-messiah?albumId=hVq92GQzWlDu3RPwmNy6,https://firebasestorage.googleapis.com/v0/b/heavy-metal-best.appspot.com/o/albums_img%2Fthumbnails%2FLethal-Messiah-full-length_1779969811620_200_200.webp?alt=media&token=b814b3d9-b012-4809-9c60-55e81af5f4b2,hVq92GQzWlDu3RPwmNy6,True
Heavenwood,The Tarot of the Bohemians - Part II,2026-06-12,"June 12, 2026",June 2026,2026-06-12T00:00:00,,https://heavymetalbest.com/album/heavenwood/the-tarot-of-the-bohemians---part-ii?albumId=ijEApDzHfzd2K8fjeVCg,https://firebasestorage.googleapis.com/v0/b/heavy-metal-best.appspot.com/o/albums_img%2Fthumbnails%2FThe-Tarot-of-the-Bohemians---Part-II-full-length_1779875147797_200_200.webp?alt=media&token=b88b3ffe-34fc-433e-9595-9ffdcc7c160d,ijEApDzHfzd2K8fjeVCg,True
Khemmis,Khemmis,2026-06-12,"June 12, 2026",June 2026,2026-06-12T00:00:00,Doom Metal,https://heavymetalbest.com/album/khemmis/khemmis?albumId=j15KVTSfQB6hOmo0GjCE,https://firebasestorage.googleapis.com/v0/b/heavy-metal-best.appspot.com/o/albums_img%2Fthumbnails%2FKhemmis-full-length_1779969756185_200_200.webp?alt=media&token=1935375d-29f3-4556-a6ac-c482874bb5af,j15KVTSfQB6hOmo0GjCE,True
Bakken,Consent to Deception,2026-06-12,"June 12, 2026",June 2026,2026-06-12T00:00:00,"Thrash Metal, Thrash, Power Metal",https://heavymetalbest.com/album/bakken/consent-to-deception?albumId=mElBDk5cc3OuXMp4xwXo,https://firebasestorage.googleapis.com/v0/b/heavy-metal-best.appspot.com/o/albums_img%2Fthumbnails%2FConsent-to-Deception-full-length_1780047683098_200_200.webp?alt=media&token=5e6f5c4d-40de-480e-9b37-1095e6e23c40,mElBDk5cc3OuXMp4xwXo,True
Fleshcrawl,Epitome of Carnage,2026-06-12,"June 12, 2026",June 2026,2026-06-12T00:00:00,Death Metal,https://heavymetalbest.com/album/fleshcrawl/epitome-of-carnage?albumId=nxqVCirNl8VAjQmMNTEX,https://firebasestorage.googleapis.com/v0/b/heavy-metal-best.appspot.com/o/albums_img%2Fthumbnails%2FEpitome-of-Carnage-full-length_1779969689952_200_200.webp?alt=media&token=31e95b28-be0b-49e0-a046-1348d39695ce,nxqVCirNl8VAjQmMNTEX,True
Edu Falaschi,Mi'raj,2026-06-12,"June 12, 2026",June 2026,2026-06-12T00:00:00,,https://heavymetalbest.com/album/edu-falaschi/mi'raj?albumId=oKbAo9V2QpDfQ1dYQ1R4,https://firebasestorage.googleapis.com/v0/b/heavy-metal-best.appspot.com/o/albums_img%2Fthumbnails%2FMi'raj-full-length_1779875011952_200_200.webp?alt=media&token=acdf77ed-ea37-448b-a2d7-08e318806dfa,oKbAo9V2QpDfQ1dYQ1R4,True
Malist,Eternal Echo of the Fall,2026-06-12,"June 12, 2026",June 2026,2026-06-12T00:00:00,Black Metal,https://heavymetalbest.com/album/malist/eternal-echo-of-the-fall?albumId=uGN1J35xm13acvpeiUWS,https://firebasestorage.googleapis.com/v0/b/heavy-metal-best.appspot.com/o/albums_img%2Fthumbnails%2FEternal-Echo-of-the-Fall-full-length_1779969791278_200_200.webp?alt=media&token=f98ff4b9-bb97-4730-8ec5-bff48c41b136,uGN1J35xm13acvpeiUWS,True
Bloodhunter,Sons of the Abandoned,2026-06-12,"June 12, 2026",June 2026,2026-06-12T00:00:00,,https://heavymetalbest.com/album/bloodhunter/sons-of-the-abandoned?albumId=uShWKQ8YhRUPSD8GqerK,https://firebasestorage.googleapis.com/v0/b/heavy-metal-best.appspot.com/o/albums_img%2Fthumbnails%2FSons-of-the-Abandoned-full-length_1779968648990_200_200.webp?alt=media&token=88c0e152-c516-42e7-9130-48b25e423762,uShWKQ8YhRUPSD8GqerK,True
Stormkeep,The Nocturnes of Iswylm,2026-06-12,"June 12, 2026",June 2026,2026-06-12T00:00:00,,https://heavymetalbest.com/album/stormkeep/the-nocturnes-of-iswylm?albumId=yd0oVL5mBmvHNg5mFhLJ,https://firebasestorage.googleapis.com/v0/b/heavy-metal-best.appspot.com/o/albums_img%2Fthumbnails%2FThe-Nocturnes-of-Iswylm-full-length_1779969897945_200_200.webp?alt=media&token=88479ac7-08cb-4575-91dc-9cd9a6234273,yd0oVL5mBmvHNg5mFhLJ,True
Day 40,Phenomenon,2026-06-12,"June 12, 2026",June 2026,2026-06-12T00:00:00,Thrash Metal,https://heavymetalbest.com/album/day-40/phenomenon?albumId=z8zgP9iEQ53SILv14RCP,https://firebasestorage.googleapis.com/v0/b/heavy-metal-best.appspot.com/o/albums_img%2Fthumbnails%2FPhenomenon-full-length_1779874951985_200_200.webp?alt=media&token=b45cbd1c-6c24-436f-af26-3ff68f3585cb,z8zgP9iEQ53SILv14RCP,True
Blind Watchmaker,Behold the Event Horizon,2026-06-12,"June 12, 2026",June 2026,2026-06-12T00:00:00,Heavy Metal,https://heavymetalbest.com/album/blind-watchmaker/behold-the-event-horizon?albumId=8ERwYTcfOqlHj0taaQdT,https://firebasestorage.googleapis.com/v0/b/heavy-metal-best.appspot.com/o/albums_img%2Fthumbnails%2FBehold-the-Event-Horizon-full-length_1780489270838_200_200.webp?alt=media&token=2d49a78b-4af6-40ea-9433-1324c3f5e69b,8ERwYTcfOqlHj0taaQdT,True
Fyrnask,Íosir,2026-06-12,"June 12, 2026",June 2026,2026-06-12T00:00:00,Black Metal,https://heavymetalbest.com/album/fyrnask/íosir?albumId=Jrp4Xczk0xrPSpcIZ2pD,https://firebasestorage.googleapis.com/v0/b/heavy-metal-best.appspot.com/o/albums_img%2Fthumbnails%2FÍosir-full-length_1780489317378_200_200.webp?alt=media&token=68c26448-c536-4e31-9db3-49b0f0d840e2,Jrp4Xczk0xrPSpcIZ2pD,True
Wizzmakin,The Powerhouse Act,2026-06-12,"June 12, 2026",June 2026,2026-06-12T00:00:00,"Heavy Metal, Hard Rock",https://heavymetalbest.com/album/wizzmakin/the-powerhouse-act?albumId=XF0Qdb08hCHCrTz9KfmS,https://firebasestorage.googleapis.com/v0/b/heavy-metal-best.appspot.com/o/albums_img%2Fthumbnails%2FThe-Powerhouse-Act-full-length_1780489536494_200_200.webp?alt=media&token=fd04219e-6c2c-4dbf-9a3a-d03f746f78d2,XF0Qdb08hCHCrTz9KfmS,True
Desdemona,State of Invocation,2026-06-10,"June 10, 2026",June 2026,2026-06-10T00:00:00,Doom Metal,https://heavymetalbest.com/album/desdemona/state-of-invocation?albumId=KkPgBKQQSHinH48dyMAj,https://firebasestorage.googleapis.com/v0/b/heavy-metal-best.appspot.com/o/albums_img%2Fthumbnails%2FState-of-Invocation-full-length_1779874985078_200_200.webp?alt=media&token=25eaea06-95ac-40ac-9621-13b1970441eb,KkPgBKQQSHinH48dyMAj,True
Pylar,Delyrio,2026-06-10,"June 10, 2026",June 2026,2026-06-10T00:00:00,"Doom Metal, Drone",https://heavymetalbest.com/album/pylar/delyrio?albumId=YKGt750VqBONYfkeopZU,https://firebasestorage.googleapis.com/v0/b/heavy-metal-best.appspot.com/o/albums_img%2Fthumbnails%2FDelyrio-full-length_1779875314787_200_200.webp?alt=media&token=3abc7016-d4e7-4f56-9e05-6b6d9d70ccba,YKGt750VqBONYfkeopZU,True
Véhémence,Assiégé pour l'éternité,2026-06-10,"June 10, 2026",June 2026,2026-06-10T00:00:00,,https://heavymetalbest.com/album/véhémence/assiégé-pour-l'éternité?albumId=aXHcRODDZUYJgenlcxU0,https://firebasestorage.googleapis.com/v0/b/heavy-metal-best.appspot.com/o/albums_img%2Fthumbnails%2FAssiégé-pour-l'éternité-full-length_1779875531425_200_200.webp?alt=media&token=8f3cf6d1-2da1-4b63-ae46-2a9f7d86fbf5,aXHcRODDZUYJgenlcxU0,True
Confused Mind,Ascendancy Of Confusion,2026-06-10,"June 10, 2026",June 2026,2026-06-10T00:00:00,Thrash Metal,https://heavymetalbest.com/album/confused-mind/ascendancy-of-confusion?albumId=t6R1EQuP6K9lHuLmrUPj,https://firebasestorage.googleapis.com/v0/b/heavy-metal-best.appspot.com/o/albums_img%2Fthumbnails%2FAscendancy-Of-Confusion-full-length_1779874899213_200_200.webp?alt=media&token=efc56fa2-240a-48d3-84e3-899ba263dc0b,t6R1EQuP6K9lHuLmrUPj,True
Argahal,The Path of the Lonely Man,2026-06-07,"June 7, 2026",June 2026,2026-06-07T00:00:00,Black Metal,https://heavymetalbest.com/album/argahal/the-path-of-the-lonely-man?albumId=tRB3UZ3YDGgjdNl1XMAg,https://firebasestorage.googleapis.com/v0/b/heavy-metal-best.appspot.com/o/albums_img%2Fthumbnails%2FThe-Path-of-the-Lonely-Man-full-length_1779874804740_200_200.webp?alt=media&token=646b9c4f-2079-42b7-8efb-e51c9e547d92,tRB3UZ3YDGgjdNl1XMAg,False
Larve,Noise from Beyond,2026-06-07,"June 7, 2026",June 2026,2026-06-07T00:00:00,Black Metal,https://heavymetalbest.com/album/larve/noise-from-beyond?albumId=1LIyd8C1IYHsbll4TWVt,https://firebasestorage.googleapis.com/v0/b/heavy-metal-best.appspot.com/o/albums_img%2Fthumbnails%2FNoise-from-Beyond-full-length_1779875203545_200_200.webp?alt=media&token=0354c4b7-5139-442d-aadc-cf0d95c5f49b,1LIyd8C1IYHsbll4TWVt,False
Magefa,Legion,2026-06-06,"June 6, 2026",June 2026,2026-06-06T00:00:00,Death Metal,https://heavymetalbest.com/album/magefa/legion?albumId=IQAnbpIPSixPtgYwYI9u,https://firebasestorage.googleapis.com/v0/b/heavy-metal-best.appspot.com/o/albums_img%2Fthumbnails%2FLegion-full-length_1776340940977_200_200.webp?alt=media&token=308d5d5e-07ee-4018-a5a5-c37b6955b929,IQAnbpIPSixPtgYwYI9u,True
Vølus,Grim Dark Execution,2026-06-06,"June 6, 2026",June 2026,2026-06-06T00:00:00,"Black, Noise, Death Metal, Black Metal",https://heavymetalbest.com/album/vølus/grim-dark-execution?albumId=DyWrNSmI3ZqncYRhSI1u,https://firebasestorage.googleapis.com/v0/b/heavy-metal-best.appspot.com/o/albums_img%2Fthumbnails%2FGrim-Dark-Execution-full-length_1779460091312_200_200.webp?alt=media&token=4e12d203-72fd-4267-82f0-065c170ce554,DyWrNSmI3ZqncYRhSI1u,True
Godless,Adversus Parousia,2026-06-06,"June 6, 2026",June 2026,2026-06-06T00:00:00,Death Metal,https://heavymetalbest.com/album/godless/adversus-parousia?albumId=p3q417zawkr3H11fKwxo,https://firebasestorage.googleapis.com/v0/b/heavy-metal-best.appspot.com/o/albums_img%2Fthumbnails%2FAdversus-Parousia-full-length_1779875062140_200_200.webp?alt=media&token=0ce4a4ba-9b59-46fe-ab1b-9b8080d71aa6,p3q417zawkr3H11fKwxo,False
Space Parasites,Make Me Evil,2026-06-06,"June 6, 2026",June 2026,2026-06-06T00:00:00,Thrash Metal,https://heavymetalbest.com/album/space-parasites/make-me-evil?albumId=oHxgLyEKiUcBXDXgH6qd,https://firebasestorage.googleapis.com/v0/b/heavy-metal-best.appspot.com/o/albums_img%2Fthumbnails%2FMake-Me-Evil-full-length_1779875462812_200_200.webp?alt=media&token=1893908a-1175-4638-a8ea-b6e65893f016,oHxgLyEKiUcBXDXgH6qd,False
The Conquering,Guillotine,2026-06-06,"June 6, 2026",June 2026,2026-06-06T00:00:00,"Viking, Folk, Black Metal",https://heavymetalbest.com/album/the-conquering/guillotine?albumId=lQz9HqAldUOF5YZcSeAc,https://firebasestorage.googleapis.com/v0/b/heavy-metal-best.appspot.com/o/albums_img%2Fthumbnails%2FGuillotine-full-length_1779875500197_200_200.webp?alt=media&token=d152b1b0-5d36-461e-b62a-539e373698bb,lQz9HqAldUOF5YZcSeAc,False
Dead Void,Cranial Devastation,2026-06-06,"June 6, 2026",June 2026,2026-06-06T00:00:00,"Doom Metal, Death Metal, Death",https://heavymetalbest.com/album/dead-void/cranial-devastation?albumId=jmXPr3fYCBUQUncqQNfN,https://firebasestorage.googleapis.com/v0/b/heavy-metal-best.appspot.com/o/albums_img%2Fthumbnails%2FCranial-Devastation-full-length_1779874969012_200_200.webp?alt=media&token=e20a53b7-2cf7-49cc-a5d3-f1c9d609d741,jmXPr3fYCBUQUncqQNfN,False
Lucrecia,Sedm hříchů,2026-06-06,"June 6, 2026",June 2026,2026-06-06T00:00:00,"Power, Thrash Metal, Power Metal",https://heavymetalbest.com/album/lucrecia/sedm-hříchů?albumId=gwOg950MDi67iBzByyFF,https://firebasestorage.googleapis.com/v0/b/heavy-metal-best.appspot.com/o/albums_img%2Fthumbnails%2FSedm-hříchů-full-length_1779875242351_200_200.webp?alt=media&token=328c7245-5fd3-4ba3-aaac-6cf72ee47fd8,gwOg950MDi67iBzByyFF,False
Rotten Tomb,Vestiges of Tortured Souls,2026-06-06,"June 6, 2026",June 2026,2026-06-06T00:00:00,Death Metal,https://heavymetalbest.com/album/rotten-tomb/vestiges-of-tortured-souls?albumId=IkdC2zx82R7BT3lQI1ML,https://firebasestorage.googleapis.com/v0/b/heavy-metal-best.appspot.com/o/albums_img%2Fthumbnails%2FVestiges-of-Tortured-Souls-full-length_1779875413669_200_200.webp?alt=media&token=c63388da-4aec-4a5e-8b24-99257902f543,IkdC2zx82R7BT3lQI1ML,False
Nachtheem,Waan van de leegte,2026-06-06,"June 6, 2026",June 2026,2026-06-06T00:00:00,Black Metal,https://heavymetalbest.com/album/nachtheem/waan-van-de-leegte?albumId=HwQ9LZTzlVsRl6enyeHF,https://firebasestorage.googleapis.com/v0/b/heavy-metal-best.appspot.com/o/albums_img%2Fthumbnails%2FWaan-van-de-leegte-full-length_1779875267189_200_200.webp?alt=media&token=fa22955a-5bde-42e6-8a25-738e3d078e6e,HwQ9LZTzlVsRl6enyeHF,False
Iron Kingdom,Shadows and Dust,2026-06-06,"June 6, 2026",June 2026,2026-06-06T00:00:00,Heavy Metal,https://heavymetalbest.com/album/iron-kingdom/shadows-and-dust?albumId=3tpdCsG1BsGkAuGRfTLw,https://firebasestorage.googleapis.com/v0/b/heavy-metal-best.appspot.com/o/albums_img%2Fthumbnails%2FShadows-and-Dust-full-length_1779875183423_200_200.webp?alt=media&token=4b340598-6c7c-4c59-96a6-4aaa99476bae,3tpdCsG1BsGkAuGRfTLw,False
Gravety,Of Cults and Chaos,2026-06-05,"June 5, 2026",June 2026,2026-06-05T00:00:00,"Epic Heavy Metal, Thrash Metal, Epic Heavy",https://heavymetalbest.com/album/gravety/of-cults-and-chaos?albumId=165ErjLyJLJx71JId8ey,https://firebasestorage.googleapis.com/v0/b/heavy-metal-best.appspot.com/o/albums_img%2Fthumbnails%2FOf-Cults-and-Chaos-full-length_1779548085685_200_200.webp?alt=media&token=94014e73-b7d9-4015-b284-37ad398eed10,165ErjLyJLJx71JId8ey,True
Churchacide,Nuclear Conjuration,2026-06-05,"June 5, 2026",June 2026,2026-06-05T00:00:00,"Black, Death Metal, Black Metal",https://heavymetalbest.com/album/churchacide/nuclear-conjuration?albumId=1HGKtTxL2LgLNTy38qvC,https://firebasestorage.googleapis.com/v0/b/heavy-metal-best.appspot.com/o/albums_img%2Fthumbnails%2FNuclear-Conjuration-full-length_1779640967910_200_200.webp?alt=media&token=4def8e04-e5bf-4766-a564-92f76d4c6e56,1HGKtTxL2LgLNTy38qvC,True
Urkraft,Naturens skrik,2026-06-05,"June 5, 2026",June 2026,2026-06-05T00:00:00,Black Metal,https://heavymetalbest.com/album/urkraft/naturens-skrik?albumId=6rw1emkwo27T5AUl3Py5,https://firebasestorage.googleapis.com/v0/b/heavy-metal-best.appspot.com/o/albums_img%2Fthumbnails%2FNaturens-skrik-full-length_1779641262857_200_200.webp?alt=media&token=9095f9b2-0f92-4e5e-9b0c-8533ef597a3a,6rw1emkwo27T5AUl3Py5,True
Edoma,Гимны ледяного царства,2026-06-05,"June 5, 2026",June 2026,2026-06-05T00:00:00,"Black, Death Metal, Black Metal",https://heavymetalbest.com/album/edoma/гимны-ледяного-царства?albumId=GIsRzOuHLIaP6yq2ky1s,https://firebasestorage.googleapis.com/v0/b/heavy-metal-best.appspot.com/o/albums_img%2Fthumbnails%2FГимны-ледяного-царства-full-length_1779641038050_200_200.webp?alt=media&token=988617ca-4bb5-4a3a-9d9b-6301c43d38ab,GIsRzOuHLIaP6yq2ky1s,True
Embryonic Autopsy,Rise of the Mutated,2026-06-05,"June 5, 2026",June 2026,2026-06-05T00:00:00,Death Metal,https://heavymetalbest.com/album/embryonic-autopsy/rise-of-the-mutated?albumId=H64N8qbLubJzJ876IkdG,https://firebasestorage.googleapis.com/v0/b/heavy-metal-best.appspot.com/o/albums_img%2Fthumbnails%2FRise-of-the-Mutated-full-length_1779641045049_200_200.webp?alt=media&token=9588cca5-aa54-43fe-a7f2-c42079935d74,H64N8qbLubJzJ876IkdG,True
Tommy Concrete,Sustained Beating,2026-06-05,"June 5, 2026",June 2026,2026-06-05T00:00:00,Progressive Metal,https://heavymetalbest.com/album/tommy-concrete/sustained-beating?albumId=IDpWv3zpyMX4TBpB0MpL,https://firebasestorage.googleapis.com/v0/b/heavy-metal-best.appspot.com/o/albums_img%2Fthumbnails%2FSustained-Beating-full-length_1779548182493_200_200.webp?alt=media&token=66b1f0a7-e7a9-4944-abf7-25e0c149b6a2,IDpWv3zpyMX4TBpB0MpL,True
Chullachaqui,Epiphanic Perdition,2026-06-05,"June 5, 2026",June 2026,2026-06-05T00:00:00,,https://heavymetalbest.com/album/chullachaqui/epiphanic-perdition?albumId=JsgTYZwyPV0MzWrnFZ8p,https://firebasestorage.googleapis.com/v0/b/heavy-metal-best.appspot.com/o/albums_img%2Fthumbnails%2FEpiphanic-Perdition-full-length_1779547855601_200_200.webp?alt=media&token=35e9f705-d74d-4326-94d9-dbe4e152d7f1,JsgTYZwyPV0MzWrnFZ8p,True
Blood Incantation,All Gates Open (Original Motion Picture Soundtrack),2026-06-05,"June 5, 2026",June 2026,2026-06-05T00:00:00,Death Metal,https://heavymetalbest.com/album/blood-incantation/all-gates-open-(original-motion-picture-soundtrack)?albumId=N1LamD1cSC99xl2SMnDz,https://firebasestorage.googleapis.com/v0/b/heavy-metal-best.appspot.com/o/albums_img%2Fthumbnails%2FAll-Gates-Open-(Original-Motion-Picture-Soundtrack)-full-length_1779640930322_200_200.webp?alt=media&token=1a461410-7eff-465e-ba33-346f87debb52,N1LamD1cSC99xl2SMnDz,True
Midnight Rider,Limited Infinity,2026-06-05,"June 5, 2026",June 2026,2026-06-05T00:00:00,Heavy Metal,https://heavymetalbest.com/album/midnight-rider/limited-infinity?albumId=OTwvZbjPNJx2glnU3eBr,https://firebasestorage.googleapis.com/v0/b/heavy-metal-best.appspot.com/o/albums_img%2Fthumbnails%2FLimited-Infinity-full-length_1779641097170_200_200.webp?alt=media&token=4ce149df-0a0d-4b8e-9094-17d4482cd669,OTwvZbjPNJx2glnU3eBr,True
Bloody Falls,IV,2026-06-05,"June 5, 2026",June 2026,2026-06-05T00:00:00,,https://heavymetalbest.com/album/bloody-falls/iv?albumId=QDcMsKh3LgQAkXMU2sDv,https://firebasestorage.googleapis.com/v0/b/heavy-metal-best.appspot.com/o/albums_img%2Fthumbnails%2FIV-full-length_1779547842727_200_200.webp?alt=media&token=4c4145cd-ea6b-4768-b4a5-e31496e3ffda,QDcMsKh3LgQAkXMU2sDv,True
Sleepbomb,Songs in the Key of Conan,2026-06-05,"June 5, 2026",June 2026,2026-06-05T00:00:00,"Post-Metal, Doom, Doom Metal, Sludge",https://heavymetalbest.com/album/sleepbomb/songs-in-the-key-of-conan?albumId=Qk0s8uUiIYavv1zDP9hA,https://firebasestorage.googleapis.com/v0/b/heavy-metal-best.appspot.com/o/albums_img%2Fthumbnails%2FSongs-in-the-Key-of-Conan-full-length_1779641167099_200_200.webp?alt=media&token=e17d1429-23fa-4d4d-861e-8cbf71ad98c2,Qk0s8uUiIYavv1zDP9hA,True
Belushi Speed Ball,Toxic Waste Was Everywhere in the '80s,2026-06-05,"June 5, 2026",June 2026,2026-06-05T00:00:00,"Thrash Metal, Crossover",https://heavymetalbest.com/album/belushi-speed-ball/toxic-waste-was-everywhere-in-the-'80s?albumId=TXm4xeBnoBz5DFTbz3Fo,https://firebasestorage.googleapis.com/v0/b/heavy-metal-best.appspot.com/o/albums_img%2Fthumbnails%2FToxic-Waste-Was-Everywhere-in-the-'80s-full-length_1779640903169_200_200.webp?alt=media&token=2e5cb178-bb0a-432d-8d2e-23492452eb36,TXm4xeBnoBz5DFTbz3Fo,True
Dissentient,Black Galactic,2026-06-05,"June 5, 2026",June 2026,2026-06-05T00:00:00,"Black, Progressive Death Metal, Death Metal, Black Metal",https://heavymetalbest.com/album/dissentient/black-galactic?albumId=Yc8ee9OFKz6VRGtvSa9N,https://firebasestorage.googleapis.com/v0/b/heavy-metal-best.appspot.com/o/albums_img%2Fthumbnails%2FBlack-Galactic-full-length_1779641006597_200_200.webp?alt=media&token=2806b13b-b124-4c38-b412-9ca0e9293284,Yc8ee9OFKz6VRGtvSa9N,True
Evergrey,Architects of a New Weave,2026-06-05,"June 5, 2026",June 2026,2026-06-05T00:00:00,"Progressive Metal, Power Metal, Progressive",https://heavymetalbest.com/album/evergrey/architects-of-a-new-weave?albumId=aBTj9p0SUA2idzRRD4jz,https://firebasestorage.googleapis.com/v0/b/heavy-metal-best.appspot.com/o/albums_img%2Fthumbnails%2FArchitects-of-a-New-Weave-full-length_1779552108823_200_200.webp?alt=media&token=cf546dbb-df5a-4180-a59e-78edcb0b79aa,aBTj9p0SUA2idzRRD4jz,True
Medusa's Wrath,The Seventh Plague of Babylon,2026-06-05,"June 5, 2026",June 2026,2026-06-05T00:00:00,Heavy Metal,https://heavymetalbest.com/album/medusa's-wrath/the-seventh-plague-of-babylon?albumId=m3HulHqihmTtSXe6zXFA,https://firebasestorage.googleapis.com/v0/b/heavy-metal-best.appspot.com/o/albums_img%2Fthumbnails%2FThe-Seventh-Plague-of-Babylon-full-length_1779641077114_200_200.webp?alt=media&token=1ea9ae81-ffc0-4b61-98af-faf86bc5f6c6,m3HulHqihmTtSXe6zXFA,True
Xenosis,Hermetic Transmutation,2026-06-05,"June 5, 2026",June 2026,2026-06-05T00:00:00,,https://heavymetalbest.com/album/xenosis/hermetic-transmutation?albumId=nPKqrnbWL5GbhQP1W7ii,https://firebasestorage.googleapis.com/v0/b/heavy-metal-best.appspot.com/o/albums_img%2Fthumbnails%2FHermetic-Transmutation-full-length_1779548246085_200_200.webp?alt=media&token=ff2fb795-d5df-452d-9c74-50d026789233,nPKqrnbWL5GbhQP1W7ii,True
W.M.D.,Against All Warnings,2026-06-05,"June 5, 2026",June 2026,2026-06-05T00:00:00,Thrash Metal,https://heavymetalbest.com/album/w.m.d./against-all-warnings?albumId=nrIKI3i2kpYt5EB598b9,https://firebasestorage.googleapis.com/v0/b/heavy-metal-best.appspot.com/o/albums_img%2Fthumbnails%2FAgainst-All-Warnings-full-length_1779641280738_200_200.webp?alt=media&token=80723a23-64d6-4c36-8e82-a2dc3531f75b,nrIKI3i2kpYt5EB598b9,True
Primal Cult,Dark Passage,2026-06-05,"June 5, 2026",June 2026,2026-06-05T00:00:00,,https://heavymetalbest.com/album/primal-cult/dark-passage?albumId=oEGOUV6wQPRBUDCixLoG,https://firebasestorage.googleapis.com/v0/b/heavy-metal-best.appspot.com/o/albums_img%2Fthumbnails%2FDark-Passage-full-length_1779641119742_200_200.webp?alt=media&token=c257dab5-b1f0-48e4-acd9-d48251fdf871,oEGOUV6wQPRBUDCixLoG,True
Suicide Forest,World of Decay,2026-06-05,"June 5, 2026",June 2026,2026-06-05T00:00:00,,https://heavymetalbest.com/album/suicide-forest/world-of-decay?albumId=oX30oCXztu7VHslUyjTS,https://firebasestorage.googleapis.com/v0/b/heavy-metal-best.appspot.com/o/albums_img%2Fthumbnails%2FWorld-of-Decay-full-length_1779641177137_200_200.webp?alt=media&token=1d9cc2a0-f93f-433f-bce6-3db893e52b50,oX30oCXztu7VHslUyjTS,True
TTK,Племя зверя,2026-06-05,"June 5, 2026",June 2026,2026-06-05T00:00:00,,https://heavymetalbest.com/album/ttk/племя-зверя?albumId=pDsCPt94BRpr3tuGQVO9,https://firebasestorage.googleapis.com/v0/b/heavy-metal-best.appspot.com/o/albums_img%2Fthumbnails%2FПлемя-зверя-full-length_1779641237476_200_200.webp?alt=media&token=0b217da6-be38-4342-8c95-a3726c5a1bd9,pDsCPt94BRpr3tuGQVO9,True
Together to the Stars,Iridescence,2026-06-05,"June 5, 2026",June 2026,2026-06-05T00:00:00,,https://heavymetalbest.com/album/together-to-the-stars/iridescence?albumId=qg15CANX6XXVhUj5arm2,https://firebasestorage.googleapis.com/v0/b/heavy-metal-best.appspot.com/o/albums_img%2Fthumbnails%2FIridescence-full-length_1779641207808_200_200.webp?alt=media&token=f6ab7104-5ec9-47f1-94ae-81aff2ffe903,qg15CANX6XXVhUj5arm2,True
Pyromania,Satanic Violence,2026-06-05,"June 5, 2026",June 2026,2026-06-05T00:00:00,Heavy Metal,https://heavymetalbest.com/album/pyromania/satanic-violence?albumId=rodxPmFhEYF5pgRAEQOi,https://firebasestorage.googleapis.com/v0/b/heavy-metal-best.appspot.com/o/albums_img%2Fthumbnails%2FSatanic-Violence-full-length_1779641133206_200_200.webp?alt=media&token=24af2bcd-4ee5-46ff-9316-d7aff5e9152a,rodxPmFhEYF5pgRAEQOi,True
Cyhra,Requiem for a Pipe Dream,2026-06-05,"June 5, 2026",June 2026,2026-06-05T00:00:00,,https://heavymetalbest.com/album/cyhra/requiem-for-a-pipe-dream?albumId=v5GyNcjgbIHYcBPEF1H7,https://firebasestorage.googleapis.com/v0/b/heavy-metal-best.appspot.com/o/albums_img%2Fthumbnails%2FRequiem-for-a-Pipe-Dream-full-length_1779547875073_200_200.webp?alt=media&token=6f2243f2-4824-49fc-8fad-e37723398555,v5GyNcjgbIHYcBPEF1H7,True
Sunderwood,Scorched and Submerged,2026-06-05,"June 5, 2026",June 2026,2026-06-05T00:00:00,Progressive Metal,https://heavymetalbest.com/album/sunderwood/scorched-and-submerged?albumId=jdMg5IeZgcuO0Tlx4Vxv,https://firebasestorage.googleapis.com/v0/b/heavy-metal-best.appspot.com/o/albums_img%2Fthumbnails%2FScorched-and-Submerged-full-length_1779875476119_200_200.webp?alt=media&token=13dae1b7-6396-42ff-ab87-a05ffaec0168,jdMg5IeZgcuO0Tlx4Vxv,False
August Burns Red,Season of Surrender,2026-06-05,"June 5, 2026",June 2026,2026-06-05T00:00:00,,https://heavymetalbest.com/album/august-burns-red/season-of-surrender?albumId=2qU7YwU2kpptLuwjr9ii,https://firebasestorage.googleapis.com/v0/b/heavy-metal-best.appspot.com/o/albums%2FSeason-of-Surrender-full-length_1780767789071.jpg?alt=media&token=568d967c-0178-46f0-a9fc-41fa9836454c,2qU7YwU2kpptLuwjr9ii,False
Guilt Trip,Armour of Angels,2026-06-05,"June 5, 2026",June 2026,2026-06-05T00:00:00,,https://heavymetalbest.com/album/guilt-trip/armour-of-angels?albumId=ufyOU1ImR3Lgzl1S7g4w,https://firebasestorage.googleapis.com/v0/b/heavy-metal-best.appspot.com/o/albums_img%2Fthumbnails%2FArmour-of-Angels-full-length_1781371752879_200_200.webp?alt=media&token=7f868225-6359-4d11-b4ad-9ee64c670537,ufyOU1ImR3Lgzl1S7g4w,False
Evanescence,Sanctuary,2026-06-05,"June 5, 2026",June 2026,2026-06-05T00:00:00,,https://heavymetalbest.com/album/evanescence/sanctuary?albumId=Ifw5wpSmpnANrsFw3qPF,https://firebasestorage.googleapis.com/v0/b/heavy-metal-best.appspot.com/o/albums%2FSanctuary-full-length_1781286544525.jpg?alt=media&token=e0aafb1c-9759-412f-bdc6-cca78d0a996b,Ifw5wpSmpnANrsFw3qPF,False
Horn,Apokalyps 1618,2026-06-04,"June 4, 2026",June 2026,2026-06-04T00:00:00,,https://heavymetalbest.com/album/horn/apokalyps-1618?albumId=hDUbeQY7iT7UKM20GQio,https://firebasestorage.googleapis.com/v0/b/heavy-metal-best.appspot.com/o/albums_img%2Fthumbnails%2FApokalyps-1618-full-length_1779548107368_200_200.webp?alt=media&token=da79a776-b385-4dec-afe4-5ea16d3a368a,hDUbeQY7iT7UKM20GQio,True
Revolting,Supernatural Anthems,2026-06-04,"June 4, 2026",June 2026,2026-06-04T00:00:00,Death Metal,https://heavymetalbest.com/album/revolting/supernatural-anthems?albumId=qRVxfMy0MuihXrcGixhu,https://firebasestorage.googleapis.com/v0/b/heavy-metal-best.appspot.com/o/albums_img%2Fthumbnails%2FSupernatural-Anthems-full-length_1779548157830_200_200.webp?alt=media&token=30a4a089-7d97-4cea-8209-46d81d38be78,qRVxfMy0MuihXrcGixhu,True
Nights of Malice,Chaos Exordium,2026-06-04,"June 4, 2026",June 2026,2026-06-04T00:00:00,,https://heavymetalbest.com/album/nights-of-malice/chaos-exordium?albumId=ajOhyLXJDkbx2BH8XXob,https://firebasestorage.googleapis.com/v0/b/heavy-metal-best.appspot.com/o/albums_img%2Fthumbnails%2FChaos-Exordium-full-length_1780048254275_200_200.webp?alt=media&token=61b26d7b-5b6c-4794-a5ad-c6d733f85cbf,ajOhyLXJDkbx2BH8XXob,False
Black Glow,Waves and Mirrors - Mirrors and Waves,2026-06-03,"June 3, 2026",June 2026,2026-06-03T00:00:00,"Shoegaze, Doom Metal",https://heavymetalbest.com/album/black-glow/waves-and-mirrors---mirrors-and-waves?albumId=NMy0Y84g61sU1iL6PqBm,https://firebasestorage.googleapis.com/v0/b/heavy-metal-best.appspot.com/o/albums_img%2Fthumbnails%2FWaves-and-Mirrors---Mirrors-and-Waves-full-length_1779547811851_200_200.webp?alt=media&token=7359dd00-6961-4fa3-9369-dd963c0c8b93,NMy0Y84g61sU1iL6PqBm,True
Unlucky Morpheus,Gate of Hell,2026-06-03,"June 3, 2026",June 2026,2026-06-03T00:00:00,Power Metal,https://heavymetalbest.com/album/unlucky-morpheus/gate-of-hell?albumId=RCI0tu4r3bQwPmzJikOz,https://firebasestorage.googleapis.com/v0/b/heavy-metal-best.appspot.com/o/albums_img%2Fthumbnails%2FGate-of-Hell-full-length_1779548203487_200_200.webp?alt=media&token=946171a4-45b3-4e36-a137-a977ccdac6e1,RCI0tu4r3bQwPmzJikOz,True
Urzah,A Tranquil Void,2026-06-03,"June 3, 2026",June 2026,2026-06-03T00:00:00,,https://heavymetalbest.com/album/urzah/a-tranquil-void?albumId=nFSinMVvvAzAlCl5giLe,https://firebasestorage.googleapis.com/v0/b/heavy-metal-best.appspot.com/o/albums_img%2Fthumbnails%2FA-Tranquil-Void-full-length_1779548212886_200_200.webp?alt=media&token=c656622b-d7b8-4fe9-9fe5-3ca0d14ffebc,nFSinMVvvAzAlCl5giLe,True
In a Forest Dark,To a God Unknown,2026-06-02,"June 2, 2026",June 2026,2026-06-02T00:00:00,"Doom Metal, Doom, Black Metal, Gothic",https://heavymetalbest.com/album/in-a-forest-dark/to-a-god-unknown?albumId=Q8A9nSLgX0cMcpui18OE,https://firebasestorage.googleapis.com/v0/b/heavy-metal-best.appspot.com/o/albums_img%2Fthumbnails%2FTo-a-God-Unknown-full-length_1779548122276_200_200.webp?alt=media&token=5b631450-0daa-4ff0-af30-b9e03854710c,Q8A9nSLgX0cMcpui18OE,True
Iselder,The 38th Division,2026-06-01,"June 1, 2026",June 2026,2026-06-01T00:00:00,Black Metal,https://heavymetalbest.com/album/iselder/the-38th-division?albumId=GEbcdM2AqbTSJELdPQhr,https://firebasestorage.googleapis.com/v0/b/heavy-metal-best.appspot.com/o/albums_img%2Fthumbnails%2FThe-38th-Division-full-length_1779459932111_200_200.webp?alt=media&token=20c5e3d3-2f14-48b9-a6a9-93f179038a28,GEbcdM2AqbTSJELdPQhr,True
Suremad,Memento Mori,2026-06-01,"June 1, 2026",June 2026,2026-06-01T00:00:00,"Pagan Metal, Black, Black Metal, Punk",https://heavymetalbest.com/album/suremad/memento-mori?albumId=lJYaNWCfpowGqBE2XH6G,https://firebasestorage.googleapis.com/v0/b/heavy-metal-best.appspot.com/o/albums_img%2Fthumbnails%2FMemento-Mori-full-length_1779548171537_200_200.webp?alt=media&token=f38bf537-b9e7-4272-999f-13747f5b5525,lJYaNWCfpowGqBE2XH6G,True
Groteskh,A Low Budget Horrorshow,2026-05-31,"May 31, 2026",May 2026,2026-05-31T00:00:00,Black Metal,https://heavymetalbest.com/album/groteskh/a-low-budget-horrorshow?albumId=viytWaHfttkNCFUlImaB,https://firebasestorage.googleapis.com/v0/b/heavy-metal-best.appspot.com/o/albums_img%2Fthumbnails%2FA-Low-Budget-Horrorshow-full-length_1779460858197_200_200.webp?alt=media&token=1e2b80ba-0e96-45ef-bb46-34da0a6f314b,viytWaHfttkNCFUlImaB,False
Phlegethon Temple,Crossing the Ancient Empire of Mysticism,2026-05-31,"May 31, 2026",May 2026,2026-05-31T00:00:00,,https://heavymetalbest.com/album/phlegethon-temple/crossing-the-ancient-empire-of-mysticism?albumId=Tf2DEsj4JsKPHOzNI8pX,https://firebasestorage.googleapis.com/v0/b/heavy-metal-best.appspot.com/o/albums_img%2Fthumbnails%2FCrossing-the-Ancient-Empire-of-Mysticism-full-length_1779459948552_200_200.webp?alt=media&token=6537a0fe-c248-4987-a205-48f61b83d74f,Tf2DEsj4JsKPHOzNI8pX,False
Astar,Journey Beyond the Ages,2026-05-31,"May 31, 2026",May 2026,2026-05-31T00:00:00,,https://heavymetalbest.com/album/astar/journey-beyond-the-ages?albumId=DHKtA3tOIsWBJOjPeyUS,https://firebasestorage.googleapis.com/v0/b/heavy-metal-best.appspot.com/o/albums_img%2Fthumbnails%2FJourney-Beyond-the-Ages-full-length_1779459766029_200_200.webp?alt=media&token=9ba9cdef-52a0-44c3-81dd-5d0f6eef2839,DHKtA3tOIsWBJOjPeyUS,False
Vølus,Elegy of the Necrochosen,2026-05-30,"May 30, 2026",May 2026,2026-05-30T00:00:00,"Black, Noise, Death Metal, Black Metal",https://heavymetalbest.com/album/vølus/elegy-of-the-necrochosen?albumId=irFJre6r8q6P13eCw9SG,https://firebasestorage.googleapis.com/v0/b/heavy-metal-best.appspot.com/o/albums_img%2Fthumbnails%2FElegy-of-the-Necrochosen-full-length_1779460085855_200_200.webp?alt=media&token=3029ccbc-cbda-4d3c-9efd-7005e70351a8,irFJre6r8q6P13eCw9SG,False
Sik Salvation,I.R.E.,2026-05-30,"May 30, 2026",May 2026,2026-05-30T00:00:00,Death Metal,https://heavymetalbest.com/album/sik-salvation/i.r.e.?albumId=gV2rDt8Yci4YdRcOuGsC,https://firebasestorage.googleapis.com/v0/b/heavy-metal-best.appspot.com/o/albums_img%2Fthumbnails%2FI.R.E.-full-length_1779460039899_200_200.webp?alt=media&token=2af94511-4451-4680-a569-8c9a66bff3b6,gV2rDt8Yci4YdRcOuGsC,False
Kyanos,Deep Inside of Me,2026-05-30,"May 30, 2026",May 2026,2026-05-30T00:00:00,,https://heavymetalbest.com/album/kyanos/deep-inside-of-me?albumId=cneGHYn9FJWp2ysfZ2Ri,https://firebasestorage.googleapis.com/v0/b/heavy-metal-best.appspot.com/o/albums_img%2Fthumbnails%2FDeep-Inside-of-Me-full-length_1779459943632_200_200.webp?alt=media&token=b8cc4a2e-d631-4d87-8142-5bcb8cb74fab,cneGHYn9FJWp2ysfZ2Ri,False
Rimruna,Wenn droben nachts der Frostmond thront,2026-05-30,"May 30, 2026",May 2026,2026-05-30T00:00:00,Black Metal,https://heavymetalbest.com/album/rimruna/wenn-droben-nachts-der-frostmond-thront?albumId=RbB4xLey4pkPrcETVNFH,https://firebasestorage.googleapis.com/v0/b/heavy-metal-best.appspot.com/o/albums_img%2Fthumbnails%2FWenn-droben-nachts-der-Frostmond-thront-full-length_1779459985719_200_200.webp?alt=media&token=dfec35fa-3b15-4b87-a923-f46dbf256353,RbB4xLey4pkPrcETVNFH,False
Totenlegion,Einschlag,2026-05-30,"May 30, 2026",May 2026,2026-05-30T00:00:00,,https://heavymetalbest.com/album/totenlegion/einschlag?albumId=geHhCnPOUbLnFspXncc2,https://firebasestorage.googleapis.com/v0/b/heavy-metal-best.appspot.com/o/albums_img%2Fthumbnails%2FEinschlag-full-length_1780048341243_200_200.webp?alt=media&token=f7515c7d-e4a8-4672-a76a-08c980901035,geHhCnPOUbLnFspXncc2,False
The Fifth Alliance,Stenahoria,2026-05-29,"May 29, 2026",May 2026,2026-05-29T00:00:00,,https://heavymetalbest.com/album/the-fifth-alliance/stenahoria?albumId=tfWEbRfPX5oCkQWfPCyM,https://firebasestorage.googleapis.com/v0/b/heavy-metal-best.appspot.com/o/albums_img%2Fthumbnails%2FStenahoria-full-length_1776271396439_200_200.webp?alt=media&token=d7c3cf7f-b7e9-4844-8f4b-1e926f418eac,tfWEbRfPX5oCkQWfPCyM,False
Narnia,X,2026-05-29,"May 29, 2026",May 2026,2026-05-29T00:00:00,"Power Metal, Neoclassical",https://heavymetalbest.com/album/narnia/x?albumId=wRbO6pa0bBsYwVBXZC7r,https://firebasestorage.googleapis.com/v0/b/heavy-metal-best.appspot.com/o/albums_img%2Fthumbnails%2FX-full-length_1774443382410_200_200.webp?alt=media&token=b0b09413-cb43-49e3-ae6e-8c32254220fd,wRbO6pa0bBsYwVBXZC7r,True
Wyrmhaven,Seasons of Gloom,2026-05-29,"May 29, 2026",May 2026,2026-05-29T00:00:00,,https://heavymetalbest.com/album/wyrmhaven/seasons-of-gloom?albumId=ykFMcjKibE1XfWuqImO7,https://firebasestorage.googleapis.com/v0/b/heavy-metal-best.appspot.com/o/albums_img%2Fthumbnails%2FSeasons-of-Gloom-full-length_1779310517845_200_200.webp?alt=media&token=94c1aa98-ecc1-4546-969c-29f166eb1983,ykFMcjKibE1XfWuqImO7,False
Monolord,Neverending,2026-05-29,"May 29, 2026",May 2026,2026-05-29T00:00:00,"Doom Metal, Stoner",https://heavymetalbest.com/album/monolord/neverending?albumId=vZDokXojWFzQ4uOVgMqR,https://firebasestorage.googleapis.com/v0/b/heavy-metal-best.appspot.com/o/albums_img%2Fthumbnails%2FNeverending-full-length_1779310433706_200_200.webp?alt=media&token=ea7a0278-9ce7-4625-b9fd-0cb5ebd32df7,vZDokXojWFzQ4uOVgMqR,False
Godthrymm,Projections,2026-05-29,"May 29, 2026",May 2026,2026-05-29T00:00:00,,https://heavymetalbest.com/album/godthrymm/projections?albumId=uvxGjIPk65iCEHf2Swyl,https://firebasestorage.googleapis.com/v0/b/heavy-metal-best.appspot.com/o/albums_img%2Fthumbnails%2FProjections-full-length_1779310264187_200_200.webp?alt=media&token=b4018885-b124-4fa5-b0bf-4145a7245ad7,uvxGjIPk65iCEHf2Swyl,False
Graveir,The Festering Triad,2026-05-29,"May 29, 2026",May 2026,2026-05-29T00:00:00,Black Metal,https://heavymetalbest.com/album/graveir/the-festering-triad?albumId=tl4YNMv7GXMAuoPj6oDM,https://firebasestorage.googleapis.com/v0/b/heavy-metal-best.appspot.com/o/albums_img%2Fthumbnails%2FThe-Festering-Triad-full-length_1779310304553_200_200.webp?alt=media&token=21bc7771-e686-44ac-bd3a-631dc0e79cf7,tl4YNMv7GXMAuoPj6oDM,False
Serpent Lord,The Once Forgotten Ways of Old,2026-05-29,"May 29, 2026",May 2026,2026-05-29T00:00:00,,https://heavymetalbest.com/album/serpent-lord/the-once-forgotten-ways-of-old?albumId=scpeVtMWSo1zkfTo8buq,https://firebasestorage.googleapis.com/v0/b/heavy-metal-best.appspot.com/o/albums_img%2Fthumbnails%2FThe-Once-Forgotten-Ways-of-Old-full-length_1779310461321_200_200.webp?alt=media&token=a2f25747-1d02-4b82-9570-ed4f08d9681b,scpeVtMWSo1zkfTo8buq,False
Uada,Interwoven,2026-05-29,"May 29, 2026",May 2026,2026-05-29T00:00:00,,https://heavymetalbest.com/album/uada/interwoven?albumId=quBDj61wjGqm8oDM88mZ,https://firebasestorage.googleapis.com/v0/b/heavy-metal-best.appspot.com/o/albums_img%2Fthumbnails%2FInterwoven-full-length_1774546606031_200_200.webp?alt=media&token=a27c7702-9cf9-4864-829b-f37133fa1b69,quBDj61wjGqm8oDM88mZ,False
Mother Bear,Orm 2,2026-05-29,"May 29, 2026",May 2026,2026-05-29T00:00:00,"Doom Metal, Stoner",https://heavymetalbest.com/album/mother-bear/orm-2?albumId=oEi8xLDlSdPv5JM6JnKH,https://firebasestorage.googleapis.com/v0/b/heavy-metal-best.appspot.com/o/albums_img%2Fthumbnails%2FOrm-2-full-length_1779387118684_200_200.webp?alt=media&token=82849f60-507c-4253-8c51-e96486a43418,oEi8xLDlSdPv5JM6JnKH,False
TDW,Bane of the Talebearer OST,2026-05-29,"May 29, 2026",May 2026,2026-05-29T00:00:00,Progressive Metal,https://heavymetalbest.com/album/tdw/bane-of-the-talebearer-ost?albumId=o2hPINM9tJmXwXPFl7LE,https://firebasestorage.googleapis.com/v0/b/heavy-metal-best.appspot.com/o/albums_img%2Fthumbnails%2FBane-of-the-Talebearer-OST-full-length_1779387261243_200_200.webp?alt=media&token=a5847662-9634-4b8b-bfd4-6c22ca284c63,o2hPINM9tJmXwXPFl7LE,False
Maladie,The Dance of Tragedies,2026-05-29,"May 29, 2026",May 2026,2026-05-29T00:00:00,"Progressive Metal, Avant-garde Black Metal, Progressive",https://heavymetalbest.com/album/maladie/the-dance-of-tragedies?albumId=lleWuUqVYWUEXTpXlTc7,https://firebasestorage.googleapis.com/v0/b/heavy-metal-best.appspot.com/o/albums_img%2Fthumbnails%2FThe-Dance-of-Tragedies-full-length_1779387085389_200_200.webp?alt=media&token=8c61b1b0-275b-44c6-b1d1-1fcf0e02763a,lleWuUqVYWUEXTpXlTc7,False
Tooms,Karst,2026-05-29,"May 29, 2026",May 2026,2026-05-29T00:00:00,,https://heavymetalbest.com/album/tooms/karst?albumId=lIfCFdfHD87IATbua9sP,https://firebasestorage.googleapis.com/v0/b/heavy-metal-best.appspot.com/o/albums_img%2Fthumbnails%2FKarst-full-length_1779387312860_200_200.webp?alt=media&token=b86a2020-1af9-4344-bfc0-cf3ec2409236,lIfCFdfHD87IATbua9sP,False
Ice Chemicals,The Lowest Point,2026-05-29,"May 29, 2026",May 2026,2026-05-29T00:00:00,,https://heavymetalbest.com/album/ice-chemicals/the-lowest-point?albumId=inkL6BTKyV8lKPEB0OEw,https://firebasestorage.googleapis.com/v0/b/heavy-metal-best.appspot.com/o/albums_img%2Fthumbnails%2FThe-Lowest-Point-full-length_1779459917243_200_200.webp?alt=media&token=bf6fa962-244e-4872-9968-5fe7d3505378,inkL6BTKyV8lKPEB0OEw,False
Sarcasm,Lifeforce Omnibound,2026-05-29,"May 29, 2026",May 2026,2026-05-29T00:00:00,"Death Metal, Melodic, Blackened Death Metal",https://heavymetalbest.com/album/sarcasm/lifeforce-omnibound?albumId=hn20JZ7bIYuHwWWH2lw4,https://firebasestorage.googleapis.com/v0/b/heavy-metal-best.appspot.com/o/albums_img%2Fthumbnails%2FLifeforce-Omnibound-full-length_1779037304638_200_200.webp?alt=media&token=7258698b-8cd2-4fc4-bfd4-7438b868f82f,hn20JZ7bIYuHwWWH2lw4,False
Brånd,Tåg & Nåcht,2026-05-29,"May 29, 2026",May 2026,2026-05-29T00:00:00,,https://heavymetalbest.com/album/brånd/tåg-&-nåcht?albumId=f2qj1ZWjIyPcXyHZbnGg,https://firebasestorage.googleapis.com/v0/b/heavy-metal-best.appspot.com/o/albums_img%2Fthumbnails%2FTåg-&-Nåcht-full-length_1779310191044_200_200.webp?alt=media&token=8ae3f31a-c26f-44e2-a677-d95458f50c0c,f2qj1ZWjIyPcXyHZbnGg,False
Balmora,These Graven Halls,2026-05-29,"May 29, 2026",May 2026,2026-05-29T00:00:00,,https://heavymetalbest.com/album/balmora/these-graven-halls?albumId=eiZhmlkHGndDw80obSd4,https://firebasestorage.googleapis.com/v0/b/heavy-metal-best.appspot.com/o/albums_img%2Fthumbnails%2FThese-Graven-Halls-full-length_1779310143254_200_200.webp?alt=media&token=c26d695a-1415-4f6b-af6f-e2482705afc2,eiZhmlkHGndDw80obSd4,False
Furnace,Echoes of a Distant Future,2026-05-29,"May 29, 2026",May 2026,2026-05-29T00:00:00,Death Metal,https://heavymetalbest.com/album/furnace/echoes-of-a-distant-future?albumId=e3BiwztGlB5bFkxlxVSD,https://firebasestorage.googleapis.com/v0/b/heavy-metal-best.appspot.com/o/albums_img%2Fthumbnails%2FEchoes-of-a-Distant-Future-full-length_1779387984847_200_200.webp?alt=media&token=793a819a-58e2-4feb-86dc-a6b2bfa2606b,e3BiwztGlB5bFkxlxVSD,False
Musta Suru,Viimeinen viilto,2026-05-29,"May 29, 2026",May 2026,2026-05-29T00:00:00,,https://heavymetalbest.com/album/musta-suru/viimeinen-viilto?albumId=bxgQJrJkBOXLo8ZmOYbw,https://firebasestorage.googleapis.com/v0/b/heavy-metal-best.appspot.com/o/albums_img%2Fthumbnails%2FViimeinen-viilto-full-length_1779310444384_200_200.webp?alt=media&token=1d91b7eb-4401-409b-af1f-be2a847deff0,bxgQJrJkBOXLo8ZmOYbw,False
Joel H Bulsara,Hastur the King,2026-05-29,"May 29, 2026",May 2026,2026-05-29T00:00:00,"Doom, Doom Metal, Stoner Metal",https://heavymetalbest.com/album/joel-h-bulsara/hastur-the-king?albumId=bZDlkyvgQU940ol9ZwXP,https://firebasestorage.googleapis.com/v0/b/heavy-metal-best.appspot.com/o/albums_img%2Fthumbnails%2FHastur-the-King-full-length_1779387077088_200_200.webp?alt=media&token=1427de4e-d2c4-46a7-acb4-71e7163ac2c7,bZDlkyvgQU940ol9ZwXP,False
"Se, josta ei puhuta",Syvyyden portit on saatava auki,2026-05-29,"May 29, 2026",May 2026,2026-05-29T00:00:00,"Melodic Death, Thrash Metal","https://heavymetalbest.com/album/se,-josta-ei-puhuta/syvyyden-portit-on-saatava-auki?albumId=bJszM7JNMr4gjM6dydfV",https://firebasestorage.googleapis.com/v0/b/heavy-metal-best.appspot.com/o/albums_img%2Fthumbnails%2FSyvyyden-portit-on-saatava-auki-full-length_1779037339914_200_200.webp?alt=media&token=6b2e1f5e-7302-4301-aba5-1e1128d1d819,bJszM7JNMr4gjM6dydfV,False
Ironwill,Reforged Within,2026-05-29,"May 29, 2026",May 2026,2026-05-29T00:00:00,Heavy Metal,https://heavymetalbest.com/album/ironwill/reforged-within?albumId=aFI5SSqOo2Ly9ef1Kkpf,https://firebasestorage.googleapis.com/v0/b/heavy-metal-best.appspot.com/o/albums_img%2Fthumbnails%2FReforged-Within-full-length_1779037203807_200_200.webp?alt=media&token=31915f5b-f302-4db1-8d73-3c46d61bac9b,aFI5SSqOo2Ly9ef1Kkpf,False
Misanthrope,Embrasement,2026-05-29,"May 29, 2026",May 2026,2026-05-29T00:00:00,"Progressive Metal, Progressive, Melodic Death Metal",https://heavymetalbest.com/album/misanthrope/embrasement?albumId=XC4uOjGBAHXluxTCpSzL,https://firebasestorage.googleapis.com/v0/b/heavy-metal-best.appspot.com/o/albums_img%2Fthumbnails%2FEmbrasement-full-length_1779310399175_200_200.webp?alt=media&token=9a2a8246-8a86-4eab-85ea-1ad2b45bd56a,XC4uOjGBAHXluxTCpSzL,False
Masquerage,Atomic Spies,2026-05-29,"May 29, 2026",May 2026,2026-05-29T00:00:00,Power Metal,https://heavymetalbest.com/album/masquerage/atomic-spies?albumId=X2A8i4f8DbTue3FhBO76,https://firebasestorage.googleapis.com/v0/b/heavy-metal-best.appspot.com/o/albums_img%2Fthumbnails%2FAtomic-Spies-full-length_1779310383401_200_200.webp?alt=media&token=19edecc3-d2e9-4d6b-8b48-db480fd8d4e8,X2A8i4f8DbTue3FhBO76,False
Elder,Through Zero,2026-05-29,"May 29, 2026",May 2026,2026-05-29T00:00:00,"Stoner, Doom Metal, Psychedelic Stoner Metal, Progressive Rock",https://heavymetalbest.com/album/elder/through-zero?albumId=WmweVzmXMDODNd1KlTtu,https://firebasestorage.googleapis.com/v0/b/heavy-metal-best.appspot.com/o/albums_img%2Fthumbnails%2FThrough-Zero-full-length_1779037140096_200_200.webp?alt=media&token=6c69ab13-738d-4310-b39a-2f5122a54eeb,WmweVzmXMDODNd1KlTtu,False
Crocell,Swarm of Insects,2026-05-29,"May 29, 2026",May 2026,2026-05-29T00:00:00,"Black Metal, Black, Death Metal, Melodic Death Metal",https://heavymetalbest.com/album/crocell/swarm-of-insects?albumId=U74QVjixATnadKJ15hR7,https://firebasestorage.googleapis.com/v0/b/heavy-metal-best.appspot.com/o/albums_img%2Fthumbnails%2FSwarm-of-Insects-full-length_1779037054308_200_200.webp?alt=media&token=d662b396-e33d-470e-b5f2-3188d2f93e7e,U74QVjixATnadKJ15hR7,False
Verzauber,Dire Garden of the Ages,2026-05-29,"May 29, 2026",May 2026,2026-05-29T00:00:00,Black Metal,https://heavymetalbest.com/album/verzauber/dire-garden-of-the-ages?albumId=RoUP2MzVdIQHQ9ymLMtB,https://firebasestorage.googleapis.com/v0/b/heavy-metal-best.appspot.com/o/albums_img%2Fthumbnails%2FDire-Garden-of-the-Ages-full-length_1779387335994_200_200.webp?alt=media&token=fe2ac46a-9cae-4e8f-8d31-993ae6989b87,RoUP2MzVdIQHQ9ymLMtB,False
Serpent,The Trumpets Have Hailed,2026-05-29,"May 29, 2026",May 2026,2026-05-29T00:00:00,"Thrash Metal, Heavy Metal, Thrash",https://heavymetalbest.com/album/serpent/the-trumpets-have-hailed?albumId=RH1eo3eCZkBITBJHqHXo,https://firebasestorage.googleapis.com/v0/b/heavy-metal-best.appspot.com/o/albums_img%2Fthumbnails%2FThe-Trumpets-Have-Hailed-full-length_1779460006028_200_200.webp?alt=media&token=6ea2267f-847f-461d-ada8-7cff9ccad099,RH1eo3eCZkBITBJHqHXo,False
Vault,Hush,2026-05-29,"May 29, 2026",May 2026,2026-05-29T00:00:00,,https://heavymetalbest.com/album/vault/hush?albumId=NNInp1KLk0uMIZLIfzYn,https://firebasestorage.googleapis.com/v0/b/heavy-metal-best.appspot.com/o/albums_img%2Fthumbnails%2FHush-full-length_1779387320774_200_200.webp?alt=media&token=ec9d4484-5a70-4480-9c6b-014ebbd579e5,NNInp1KLk0uMIZLIfzYn,False
Pharmacist,Vertebrae After Vertebrae,2026-05-29,"May 29, 2026",May 2026,2026-05-29T00:00:00,"Grindcore, Thrash, Death Metal, Goregrind, Thrash Metal, Melodic Death Metal",https://heavymetalbest.com/album/pharmacist/vertebrae-after-vertebrae?albumId=M4kngOv0rsSumn2Ymw21,https://firebasestorage.googleapis.com/v0/b/heavy-metal-best.appspot.com/o/albums_img%2Fthumbnails%2FVertebrae-After-Vertebrae-full-length_1779387174739_200_200.webp?alt=media&token=4c649564-fb55-4b10-a5ab-254f14049552,M4kngOv0rsSumn2Ymw21,False
The Scalar Process,Agnomysticism,2026-05-29,"May 29, 2026",May 2026,2026-05-29T00:00:00,"Progressive Metal, Progressive, Technical Death Metal",https://heavymetalbest.com/album/the-scalar-process/agnomysticism?albumId=LN25uS7OMvOIAZhpeZgg,https://firebasestorage.googleapis.com/v0/b/heavy-metal-best.appspot.com/o/albums_img%2Fthumbnails%2FAgnomysticism-full-length_1779037354405_200_200.webp?alt=media&token=e0a6d47f-288c-4c6e-8032-5590dfe659b1,LN25uS7OMvOIAZhpeZgg,False
Frankenbok,The Ariba War Honkle,2026-05-29,"May 29, 2026",May 2026,2026-05-29T00:00:00,,https://heavymetalbest.com/album/frankenbok/the-ariba-war-honkle?albumId=JNiUJOu0OWv4qmwVKPVt,https://firebasestorage.googleapis.com/v0/b/heavy-metal-best.appspot.com/o/albums_img%2Fthumbnails%2FThe-Ariba-War-Honkle-full-length_1779387016704_200_200.webp?alt=media&token=33344a80-36f6-4dcb-b6f9-377812a05899,JNiUJOu0OWv4qmwVKPVt,False
Trelldom,...by the Word...,2026-05-29,"May 29, 2026",May 2026,2026-05-29T00:00:00,"Black Metal, Avant-garde Black Metal",https://heavymetalbest.com/album/trelldom/...by-the-word...?albumId=FU2WM2GGwpTsQG9Lapw6,https://firebasestorage.googleapis.com/v0/b/heavy-metal-best.appspot.com/o/albums_img%2Fthumbnails%2F...by-the-Word...-full-length_1779037367806_200_200.webp?alt=media&token=02beb235-1388-4bda-9bd5-898381ce1a76,FU2WM2GGwpTsQG9Lapw6,False
Ana,Motivated by Death,2026-05-29,"May 29, 2026",May 2026,2026-05-29T00:00:00,,https://heavymetalbest.com/album/ana/motivated-by-death?albumId=FDGLU5PDY1CXiLRBFd94,https://firebasestorage.googleapis.com/v0/b/heavy-metal-best.appspot.com/o/albums_img%2Fthumbnails%2FMotivated-by-Death-full-length_1779037030805_200_200.webp?alt=media&token=4d670109-f330-408a-bdf7-a02c1f4a2bac,FDGLU5PDY1CXiLRBFd94,False
Redshift,Down the Wire,2026-05-29,"May 29, 2026",May 2026,2026-05-29T00:00:00,Progressive Metal,https://heavymetalbest.com/album/redshift/down-the-wire?albumId=F4isqDVqpkyl83Msw7O5,https://firebasestorage.googleapis.com/v0/b/heavy-metal-best.appspot.com/o/albums_img%2Fthumbnails%2FDown-the-Wire-full-length_1779387179904_200_200.webp?alt=media&token=acea7136-12cc-4303-af7d-24c775695c2c,F4isqDVqpkyl83Msw7O5,False
Leatherwitch,First Spell,2026-05-29,"May 29, 2026",May 2026,2026-05-29T00:00:00,Heavy Metal,https://heavymetalbest.com/album/leatherwitch/first-spell?albumId=EoyWNJxgKn6urZMDXbM5,https://firebasestorage.googleapis.com/v0/b/heavy-metal-best.appspot.com/o/albums_img%2Fthumbnails%2FFirst-Spell-full-length_1779310323898_200_200.webp?alt=media&token=26cd435a-3574-4a09-85fc-9d039a4a6ff6,EoyWNJxgKn6urZMDXbM5,False
Tyrann,Tyrann Forever,2026-05-29,"May 29, 2026",May 2026,2026-05-29T00:00:00,Heavy Metal,https://heavymetalbest.com/album/tyrann/tyrann-forever?albumId=CzXeSh900Kx8ziQPWJG5,https://firebasestorage.googleapis.com/v0/b/heavy-metal-best.appspot.com/o/albums_img%2Fthumbnails%2FTyrann-Forever-full-length_1779037378355_200_200.webp?alt=media&token=26fda12c-9e3e-4032-ae43-c62aaf14fec6,CzXeSh900Kx8ziQPWJG5,False
Torturebitch,In Mood for Murder,2026-05-29,"May 29, 2026",May 2026,2026-05-29T00:00:00,"Punk, Thrash Metal",https://heavymetalbest.com/album/torturebitch/in-mood-for-murder?albumId=9zJ9Mg5MbTVAqsYkoYtx,https://firebasestorage.googleapis.com/v0/b/heavy-metal-best.appspot.com/o/albums_img%2Fthumbnails%2FIn-Mood-for-Murder-full-length_1779460077603_200_200.webp?alt=media&token=6a0693fb-b69b-4eed-885e-3251c1ed294f,9zJ9Mg5MbTVAqsYkoYtx,False
Ringlorn,The Queen of Wildred,2026-05-29,"May 29, 2026",May 2026,2026-05-29T00:00:00,"Heavy, Power Metal, Heavy Metal",https://heavymetalbest.com/album/ringlorn/the-queen-of-wildred?albumId=9sCuCjrUx0BszwqJmspH,https://firebasestorage.googleapis.com/v0/b/heavy-metal-best.appspot.com/o/albums_img%2Fthumbnails%2FThe-Queen-of-Wildred-full-length_1779387190664_200_200.webp?alt=media&token=d7a1633b-d92d-40f0-8ce9-efabccecc02c,9sCuCjrUx0BszwqJmspH,False
Eternal Evil,Forever Feared,2026-05-29,"May 29, 2026",May 2026,2026-05-29T00:00:00,"Black Metal, Black, Thrash Metal",https://heavymetalbest.com/album/eternal-evil/forever-feared?albumId=6V1kMv9Yvhsv0WPsJVcI,https://firebasestorage.googleapis.com/v0/b/heavy-metal-best.appspot.com/o/albums_img%2Fthumbnails%2FForever-Feared-full-length_1779310248805_200_200.webp?alt=media&token=4d52b9d9-aecc-4b8e-8e44-8377095907cc,6V1kMv9Yvhsv0WPsJVcI,False
Deus Sabaoth,Distortion of Lies,2026-05-29,"May 29, 2026",May 2026,2026-05-29T00:00:00,Black Metal,https://heavymetalbest.com/album/deus-sabaoth/distortion-of-lies?albumId=4QYiNyR09WalxUVuxIkx,https://firebasestorage.googleapis.com/v0/b/heavy-metal-best.appspot.com/o/albums_img%2Fthumbnails%2FDistortion-of-Lies-full-length_1779386959870_200_200.webp?alt=media&token=5de8ca92-61a5-4dba-a300-72102ab9ae74,4QYiNyR09WalxUVuxIkx,False
Emerald Rage,The Eyes of the Dragon,2026-05-29,"May 29, 2026",May 2026,2026-05-29T00:00:00,"Power, Speed Metal, Heavy Metal, Heavy, Power Metal",https://heavymetalbest.com/album/emerald-rage/the-eyes-of-the-dragon?albumId=4C7k2I61l98A1pQBGKJg,https://firebasestorage.googleapis.com/v0/b/heavy-metal-best.appspot.com/o/albums_img%2Fthumbnails%2FThe-Eyes-of-the-Dragon-full-length_1779387001138_200_200.webp?alt=media&token=3c49c330-a171-43d9-9392-8776a6683362,4C7k2I61l98A1pQBGKJg,False
Dauþuz,Todeswerk: Uranium II,2026-05-29,"May 29, 2026",May 2026,2026-05-29T00:00:00,Black Metal,https://heavymetalbest.com/album/dauþuz/todeswerk:-uranium-ii?albumId=1YFA2ihMX8pMHPdje30I,https://firebasestorage.googleapis.com/v0/b/heavy-metal-best.appspot.com/o/albums_img%2Fthumbnails%2FTodeswerk-Uranium-II-full-length_1779386954412_200_200.webp?alt=media&token=bcfaca8a-3556-452a-8e16-8306e070e0c8,1YFA2ihMX8pMHPdje30I,False
Consecration,Exanimis,2026-05-29,"May 29, 2026",May 2026,2026-05-29T00:00:00,"Doom Metal, Death Metal, Doom",https://heavymetalbest.com/album/consecration/exanimis?albumId=1UPPGOkCESR5C3gnjOm2,https://firebasestorage.googleapis.com/v0/b/heavy-metal-best.appspot.com/o/albums_img%2Fthumbnails%2FExanimis-full-length_1779310235702_200_200.webp?alt=media&token=9ecda744-5ba7-4548-8b33-c20f3a2b7efb,1UPPGOkCESR5C3gnjOm2,False
Horizon of Aeons,Timeless Forms of Desolation,2026-05-29,"May 29, 2026",May 2026,2026-05-29T00:00:00,,https://heavymetalbest.com/album/horizon-of-aeons/timeless-forms-of-desolation?albumId=1N5TTea0GuwErB2CHcW4,https://firebasestorage.googleapis.com/v0/b/heavy-metal-best.appspot.com/o/albums_img%2Fthumbnails%2FTimeless-Forms-of-Desolation-full-length_1779037153984_200_200.webp?alt=media&token=ba6df746-4157-4299-bde8-828b78ee6da2,1N5TTea0GuwErB2CHcW4,False
Morgue Supplier,Mastering the Disease,2026-05-29,"May 29, 2026",May 2026,2026-05-29T00:00:00,"Death Metal, Grindcore",https://heavymetalbest.com/album/morgue-supplier/mastering-the-disease?albumId=xL8MsI453WVgXACqYDCk,https://firebasestorage.googleapis.com/v0/b/heavy-metal-best.appspot.com/o/albums_img%2Fthumbnails%2FMastering-the-Disease-full-length_1780048204490_200_200.webp?alt=media&token=193b35cf-30c7-462f-bf3d-6f1168fd126f,xL8MsI453WVgXACqYDCk,False
Windswept,Howling in Baptismal Filth,2026-05-29,"May 29, 2026",May 2026,2026-05-29T00:00:00,Black Metal,https://heavymetalbest.com/album/windswept/howling-in-baptismal-filth?albumId=rmyekdkBbqfbY43KZ1nz,https://firebasestorage.googleapis.com/v0/b/heavy-metal-best.appspot.com/o/albums_img%2Fthumbnails%2FHowling-in-Baptismal-Filth-full-length_1780048349897_200_200.webp?alt=media&token=2cce2604-523f-4116-9bbc-17ba23595ede,rmyekdkBbqfbY43KZ1nz,False
Nidelgret,Trauerlärm,2026-05-29,"May 29, 2026",May 2026,2026-05-29T00:00:00,,https://heavymetalbest.com/album/nidelgret/trauerlärm?albumId=pyVV3O3JjJaXp6MkugSa,https://firebasestorage.googleapis.com/v0/b/heavy-metal-best.appspot.com/o/albums_img%2Fthumbnails%2FTrauerlärm-full-length_1780048214211_200_200.webp?alt=media&token=6cf8b49b-46ea-4cff-a4a1-3da28d8cc2f3,pyVV3O3JjJaXp6MkugSa,False
Disappear...,Stargazer,2026-05-29,"May 29, 2026",May 2026,2026-05-29T00:00:00,,https://heavymetalbest.com/album/disappear.../stargazer?albumId=ibxZ33pDEjpCkUWFJD85,https://firebasestorage.googleapis.com/v0/b/heavy-metal-best.appspot.com/o/albums_img%2Fthumbnails%2FStargazer-full-length_1780047800669_200_200.webp?alt=media&token=2cd610fd-1d67-4288-80f1-d3540453f2bb,ibxZ33pDEjpCkUWFJD85,False
Beyond Salvation,The Final Nail,2026-05-29,"May 29, 2026",May 2026,2026-05-29T00:00:00,"Thrash Metal, Thrash, Melodic Death Metal",https://heavymetalbest.com/album/beyond-salvation/the-final-nail?albumId=RoAlktiu2hbYoxFtALrb,https://firebasestorage.googleapis.com/v0/b/heavy-metal-best.appspot.com/o/albums_img%2Fthumbnails%2FThe-Final-Nail-full-length_1780047707720_200_200.webp?alt=media&token=851b76c1-a998-40bd-959e-a35f61fcb006,RoAlktiu2hbYoxFtALrb,False
With Blood Comes Cleansing,Golgotha (20th Anniversary Edition),2026-05-29,"May 29, 2026",May 2026,2026-05-29T00:00:00,,https://heavymetalbest.com/album/with-blood-comes-cleansing/golgotha-(20th-anniversary-edition)?albumId=OfaMoWlfwdeB9FEAL2KK,https://firebasestorage.googleapis.com/v0/b/heavy-metal-best.appspot.com/o/albums_img%2Fthumbnails%2FGolgotha-(20th-Anniversary-Edition)-full-length_1780048368084_200_200.webp?alt=media&token=5c89571e-6f85-4a27-a178-af2c5587eb0d,OfaMoWlfwdeB9FEAL2KK,False
Grave Pilgrim,The Pungent Wine of Pride,2026-05-29,"May 29, 2026",May 2026,2026-05-29T00:00:00,,https://heavymetalbest.com/album/grave-pilgrim/the-pungent-wine-of-pride?albumId=K7vnxi5sbE2TsaVyUh96,https://firebasestorage.googleapis.com/v0/b/heavy-metal-best.appspot.com/o/albums_img%2Fthumbnails%2FThe-Pungent-Wine-of-Pride-full-length_1780047820137_200_200.webp?alt=media&token=36c3c7aa-71ec-4b25-93d1-15750b28be8f,K7vnxi5sbE2TsaVyUh96,False
Ater Era,Sinistria,2026-05-29,"May 29, 2026",May 2026,2026-05-29T00:00:00,Black Metal,https://heavymetalbest.com/album/ater-era/sinistria?albumId=ItrT0KPdmNT4pnLCHpKB,https://firebasestorage.googleapis.com/v0/b/heavy-metal-best.appspot.com/o/albums_img%2Fthumbnails%2FSinistria-full-length_1780047612623_200_200.webp?alt=media&token=8a5ec170-d80f-4945-b6ba-568c5abc8bc8,ItrT0KPdmNT4pnLCHpKB,False
Jonestown,Promise of Enlightenment,2026-05-29,"May 29, 2026",May 2026,2026-05-29T00:00:00,"Thrash Metal, Heavy Metal, Thrash",https://heavymetalbest.com/album/jonestown/promise-of-enlightenment?albumId=CnztawRNSyMEhZPVxkxu,https://firebasestorage.googleapis.com/v0/b/heavy-metal-best.appspot.com/o/albums_img%2Fthumbnails%2FPromise-of-Enlightenment-full-length_1780048052963_200_200.webp?alt=media&token=aa571ecb-3389-45f8-9aae-fd306871742a,CnztawRNSyMEhZPVxkxu,False
Surrogoat,Consumed by the Wrath of Time,2026-05-29,"May 29, 2026",May 2026,2026-05-29T00:00:00,"Death, Thrash Metal, Death Metal",https://heavymetalbest.com/album/surrogoat/consumed-by-the-wrath-of-time?albumId=9zVcTAqrtwbIxs1wnGQk,https://firebasestorage.googleapis.com/v0/b/heavy-metal-best.appspot.com/o/albums_img%2Fthumbnails%2FConsumed-by-the-Wrath-of-Time-full-length_1780048314810_200_200.webp?alt=media&token=a7e43058-ead1-4fdd-9328-bf57228a784c,9zVcTAqrtwbIxs1wnGQk,False
Zimorog,Modern Slavic Horde,2026-05-29,"May 29, 2026",May 2026,2026-05-29T00:00:00,Black Metal,https://heavymetalbest.com/album/zimorog/modern-slavic-horde?albumId=8mBZLoYIQu5MnImKi1Uc,https://firebasestorage.googleapis.com/v0/b/heavy-metal-best.appspot.com/o/albums_img%2Fthumbnails%2FModern-Slavic-Horde-full-length_1780048429732_200_200.webp?alt=media&token=c9cc9342-670c-4fa9-9607-f5a2963a8670,8mBZLoYIQu5MnImKi1Uc,False
Funebrarum,Beckoning the Void of Eternal Silence,2026-05-29,"May 29, 2026",May 2026,2026-05-29T00:00:00,Death Metal,https://heavymetalbest.com/album/funebrarum/beckoning-the-void-of-eternal-silence?albumId=PTkcNSaP8z5txWYxXPzg,https://firebasestorage.googleapis.com/v0/b/heavy-metal-best.appspot.com/o/albums_img%2Fthumbnails%2FBeckoning-the-Void-of-Eternal-Silence-full-length_1780490484008_200_200.webp?alt=media&token=d6912e00-9c0d-4c14-a906-35a14497d5ef,PTkcNSaP8z5txWYxXPzg,False
Devin Townsend,The Moth,2026-05-29,"May 29, 2026",May 2026,2026-05-29T00:00:00,"Rock, Progressive Metal, Ambient",https://heavymetalbest.com/album/devin-townsend/the-moth?albumId=sFnI13GLN2sIr7YYXzcY,https://firebasestorage.googleapis.com/v0/b/heavy-metal-best.appspot.com/o/albums_img%2Fthumbnails%2FThe-Moth-full-length_1780855948504_200_200.webp?alt=media&token=97fb4c07-d6d8-45db-9e72-6fec2d1eacee,sFnI13GLN2sIr7YYXzcY,False
Killing Suzy,Stillborn,2026-05-28,"May 28, 2026",May 2026,2026-05-28T00:00:00,,https://heavymetalbest.com/album/killing-suzy/stillborn?albumId=RjTKl0ShBVaHTX2onLlK,https://firebasestorage.googleapis.com/v0/b/heavy-metal-best.appspot.com/o/albums_img%2Fthumbnails%2FStillborn-full-length_1779310314621_200_200.webp?alt=media&token=3fea488a-9e52-4006-b42b-7702ca673f87,RjTKl0ShBVaHTX2onLlK,False
Vimbulnatt,Der dunklen Tugenden. Echos,2026-05-28,"May 28, 2026",May 2026,2026-05-28T00:00:00,Black Metal,https://heavymetalbest.com/album/vimbulnatt/der-dunklen-tugenden.-echos?albumId=JefGO4Tku5sxDJ7yYsvD,https://firebasestorage.googleapis.com/v0/b/heavy-metal-best.appspot.com/o/albums_img%2Fthumbnails%2FDer-dunklen-Tugenden.-Echos-full-length_1779037409072_200_200.webp?alt=media&token=23a7a791-044e-4bfa-8b86-3e510e312478,JefGO4Tku5sxDJ7yYsvD,False
Eternal Sword,Valorous,2026-05-27,"May 27, 2026",May 2026,2026-05-27T00:00:00,,https://heavymetalbest.com/album/eternal-sword/valorous?albumId=wJpc7407RoeGLqGDtNjM,https://firebasestorage.googleapis.com/v0/b/heavy-metal-best.appspot.com/o/albums_img%2Fthumbnails%2FValorous-full-length_1779310256647_200_200.webp?alt=media&token=75284191-9521-44c8-92f1-c1c97ee0fb0c,wJpc7407RoeGLqGDtNjM,False
Galvanist,The Silence Between Stars,2026-05-27,"May 27, 2026",May 2026,2026-05-27T00:00:00,"Experimental Doom, Death Metal",https://heavymetalbest.com/album/galvanist/the-silence-between-stars?albumId=m2lawnMBCiOqD3aCIhxi,https://firebasestorage.googleapis.com/v0/b/heavy-metal-best.appspot.com/o/albums_img%2Fthumbnails%2FThe-Silence-Between-Stars-full-length_1772659084934_200_200.webp?alt=media&token=b8ec0de1-e3cf-4594-af16-88d8c5c24e13,m2lawnMBCiOqD3aCIhxi,False
Gluttonous Overindulgence of Relentless Torture,Pandemonium,2026-05-27,"May 27, 2026",May 2026,2026-05-27T00:00:00,,https://heavymetalbest.com/album/gluttonous-overindulgence-of-relentless-torture/pandemonium?albumId=XYWrfGRrbBry21kVWj57,https://firebasestorage.googleapis.com/v0/b/heavy-metal-best.appspot.com/o/albums_img%2Fthumbnails%2FPandemonium-full-length_1779035108643_200_200.webp?alt=media&token=19a0cf96-78cc-4325-bee4-b1d2b7d28cf6,XYWrfGRrbBry21kVWj57,False
Halter,Another Strong Hand for a Damned Land,2026-05-25,"May 25, 2026",May 2026,2026-05-25T00:00:00,"Doom, Death Metal, Doom Metal",https://heavymetalbest.com/album/halter/another-strong-hand-for-a-damned-land?albumId=ixUllYHLuv1kV4sWAcm7,https://firebasestorage.googleapis.com/v0/b/heavy-metal-best.appspot.com/o/albums_img%2Fthumbnails%2FAnother-Strong-Hand-for-a-Damned-Land-full-length_1779035181782_200_200.webp?alt=media&token=ff91d20e-1a07-4060-89f5-4f90434bade9,ixUllYHLuv1kV4sWAcm7,False
Insanity Deification,Stare of Eternal Dismemberment,2026-05-25,"May 25, 2026",May 2026,2026-05-25T00:00:00,,https://heavymetalbest.com/album/insanity-deification/stare-of-eternal-dismemberment?albumId=Nt5m76jkxtwgujCN6hFy,https://firebasestorage.googleapis.com/v0/b/heavy-metal-best.appspot.com/o/albums_img%2Fthumbnails%2FStare-of-Eternal-Dismemberment-full-length_1779035263970_200_200.webp?alt=media&token=13a00689-e5c3-4855-8a58-f330e0eaf01c,Nt5m76jkxtwgujCN6hFy,False
Infestation,Rituals Beneath the Crimson Sun,2026-05-24,"May 24, 2026",May 2026,2026-05-24T00:00:00,,https://heavymetalbest.com/album/infestation/rituals-beneath-the-crimson-sun?albumId=WuoJhl5I6NJOSKolvOaf,https://firebasestorage.googleapis.com/v0/b/heavy-metal-best.appspot.com/o/albums_img%2Fthumbnails%2FRituals-Beneath-the-Crimson-Sun-full-length_1779035252304_200_200.webp?alt=media&token=b6a618a7-02b1-4632-9aee-974d11b14732,WuoJhl5I6NJOSKolvOaf,False
Cerber,Essentia Straube,2026-05-23,"May 23, 2026",May 2026,2026-05-23T00:00:00,Death Metal,https://heavymetalbest.com/album/cerber/essentia-straube?albumId=mHZbSVYjGZyJXiGjPEwu,https://firebasestorage.googleapis.com/v0/b/heavy-metal-best.appspot.com/o/albums_img%2Fthumbnails%2FEssentia-Straube-full-length_1779034996350_200_200.webp?alt=media&token=73ef85cd-bf70-4cc0-8a1f-b1ea852ac567,mHZbSVYjGZyJXiGjPEwu,False
Solipsism,Pedagogy for the Existentially Exhausted,2026-05-23,"May 23, 2026",May 2026,2026-05-23T00:00:00,Black Metal,https://heavymetalbest.com/album/solipsism/pedagogy-for-the-existentially-exhausted?albumId=76wxo5qefr287sLVp68c,https://firebasestorage.googleapis.com/v0/b/heavy-metal-best.appspot.com/o/albums_img%2Fthumbnails%2FPedagogy-for-the-Existentially-Exhausted-full-length_1779035381463_200_200.webp?alt=media&token=9c8372e0-af4b-4caa-a3fc-169efc709c89,76wxo5qefr287sLVp68c,False
Abandon Agony,Endbringer,2026-05-22,"May 22, 2026",May 2026,2026-05-22T00:00:00,,https://heavymetalbest.com/album/abandon-agony/endbringer?albumId=K0bMUmOizhQkICZ7EbqM,https://firebasestorage.googleapis.com/v0/b/heavy-metal-best.appspot.com/o/albums_img%2Fthumbnails%2FEndbringer-full-length_1776271081412_200_200.webp?alt=media&token=75ce6eff-b56c-453f-94b3-cae44c59cae9,K0bMUmOizhQkICZ7EbqM,True
As the Sun Falls,Songs from the Veil,2026-05-22,"May 22, 2026",May 2026,2026-05-22T00:00:00,,https://heavymetalbest.com/album/as-the-sun-falls/songs-from-the-veil?albumId=zIgXj6OrcE8nOFiNJhQc,https://firebasestorage.googleapis.com/v0/b/heavy-metal-best.appspot.com/o/albums_img%2Fthumbnails%2FSongs-from-the-Veil-full-length_1778585359121_200_200.webp?alt=media&token=29892740-7da1-4bc4-898f-7693eb321c8f,zIgXj6OrcE8nOFiNJhQc,False
Armored Saint,Emotion Factory Reset,2026-05-22,"May 22, 2026",May 2026,2026-05-22T00:00:00,Heavy Metal,https://heavymetalbest.com/album/armored-saint/emotion-factory-reset?albumId=syKvSA5ulnfeB3JO1Aqi,https://firebasestorage.googleapis.com/v0/b/heavy-metal-best.appspot.com/o/albums_img%2Fthumbnails%2FEmotion-Factory-Reset-full-length_1778585342683_200_200.webp?alt=media&token=ec855052-fb2b-4ff6-9d4c-fb818308644d,syKvSA5ulnfeB3JO1Aqi,False
Hellevate,Killicon Valley,2026-05-22,"May 22, 2026",May 2026,2026-05-22T00:00:00,"Thrash Metal, Death Metal, Death, Power Metal, Thrash",https://heavymetalbest.com/album/hellevate/killicon-valley?albumId=ruCKpvCquuWx26U70Agz,https://firebasestorage.googleapis.com/v0/b/heavy-metal-best.appspot.com/o/albums_img%2Fthumbnails%2FKillicon-Valley-full-length_1778681864758_200_200.webp?alt=media&token=90e7e72d-b35c-4702-98d5-912b9eb0c8a7,ruCKpvCquuWx26U70Agz,False
Doom's Day,A Church for the Damned,2026-05-22,"May 22, 2026",May 2026,2026-05-22T00:00:00,"Heavy, Punk, Heavy Metal, Doom Metal",https://heavymetalbest.com/album/doom's-day/a-church-for-the-damned?albumId=rJsOuqkh1GCrur3MADzH,https://firebasestorage.googleapis.com/v0/b/heavy-metal-best.appspot.com/o/albums_img%2Fthumbnails%2FA-Church-for-the-Damned-full-length_1779035072171_200_200.webp?alt=media&token=6120459d-4fca-4b4c-8a16-f4f51b79eeca,rJsOuqkh1GCrur3MADzH,False
Northborn,Northborn,2026-05-22,"May 22, 2026",May 2026,2026-05-22T00:00:00,,https://heavymetalbest.com/album/northborn/northborn?albumId=qkYU46zYtabjtLLH2gmv,https://firebasestorage.googleapis.com/v0/b/heavy-metal-best.appspot.com/o/albums_img%2Fthumbnails%2FNorthborn-full-length_1778585627324_200_200.webp?alt=media&token=7a814294-d6a3-45dd-bbe7-8fa4012fa9b5,qkYU46zYtabjtLLH2gmv,False
Barren Canyon,A Virulent Steam,2026-05-22,"May 22, 2026",May 2026,2026-05-22T00:00:00,,https://heavymetalbest.com/album/barren-canyon/a-virulent-steam?albumId=p2DlcwKrChqV0GHreFFq,https://firebasestorage.googleapis.com/v0/b/heavy-metal-best.appspot.com/o/albums_img%2Fthumbnails%2FA-Virulent-Steam-full-length_1778681737183_200_200.webp?alt=media&token=f813d4f3-58a7-430a-8927-adf7726c7b66,p2DlcwKrChqV0GHreFFq,False
Deathstorm,Cascophonies,2026-05-22,"May 22, 2026",May 2026,2026-05-22T00:00:00,Thrash Metal,https://heavymetalbest.com/album/deathstorm/cascophonies?albumId=mGpgKCT7uR3cnY6Px0CP,https://firebasestorage.googleapis.com/v0/b/heavy-metal-best.appspot.com/o/albums_img%2Fthumbnails%2FCascophonies-full-length_1778585482399_200_200.webp?alt=media&token=832855be-c4f9-4d68-b725-491083a6da84,mGpgKCT7uR3cnY6Px0CP,False
Escaping Aghartha,Lurkers of Languid Waters,2026-05-22,"May 22, 2026",May 2026,2026-05-22T00:00:00,,https://heavymetalbest.com/album/escaping-aghartha/lurkers-of-languid-waters?albumId=kmIbAxJK1F8JO4isIzXI,https://firebasestorage.googleapis.com/v0/b/heavy-metal-best.appspot.com/o/albums_img%2Fthumbnails%2FLurkers-of-Languid-Waters-full-length_1779035079845_200_200.webp?alt=media&token=de9c5ff9-caa4-4f08-8188-82b69e300058,kmIbAxJK1F8JO4isIzXI,False
Harboured,We're Only the Love That We Lead,2026-05-22,"May 22, 2026",May 2026,2026-05-22T00:00:00,,https://heavymetalbest.com/album/harboured/we're-only-the-love-that-we-lead?albumId=iRr5oMjM6f9Idp8mQU8Q,https://firebasestorage.googleapis.com/v0/b/heavy-metal-best.appspot.com/o/albums_img%2Fthumbnails%2FWe're-Only-the-Love-That-We-Lead-full-length_1779035194797_200_200.webp?alt=media&token=02dbf19c-c711-415f-b657-5cac89d62234,iRr5oMjM6f9Idp8mQU8Q,False
Crimson Day,Dark Dimension,2026-05-22,"May 22, 2026",May 2026,2026-05-22T00:00:00,Heavy Metal,https://heavymetalbest.com/album/crimson-day/dark-dimension?albumId=d16tjyHmLY2S369xjk3d,https://firebasestorage.googleapis.com/v0/b/heavy-metal-best.appspot.com/o/albums_img%2Fthumbnails%2FDark-Dimension-full-length_1778585412038_200_200.webp?alt=media&token=a071ad75-656d-485e-8cac-b5a29b0747c2,d16tjyHmLY2S369xjk3d,False
Dark Millennium,Come,2026-05-22,"May 22, 2026",May 2026,2026-05-22T00:00:00,"Progressive Metal, Death, Death Metal, Doom Metal, Progressive",https://heavymetalbest.com/album/dark-millennium/come?albumId=cjGATjenxEPFmIzh0yGP,https://firebasestorage.googleapis.com/v0/b/heavy-metal-best.appspot.com/o/albums_img%2Fthumbnails%2FCome-full-length_1779035043940_200_200.webp?alt=media&token=9672e4fc-81b4-42ee-aad3-ee5c65a5dbbd,cjGATjenxEPFmIzh0yGP,False
Keops,Bitter Story for Humanity,2026-05-22,"May 22, 2026",May 2026,2026-05-22T00:00:00,"Groove Metal, Heavy, Heavy Metal, Hard Rock",https://heavymetalbest.com/album/keops/bitter-story-for-humanity?albumId=ZCPxTatjq9LXI13EbVfN,https://firebasestorage.googleapis.com/v0/b/heavy-metal-best.appspot.com/o/albums_img%2Fthumbnails%2FBitter-Story-for-Humanity-full-length_1778585607441_200_200.webp?alt=media&token=ca6c0857-f576-4db0-91cc-81368c4a2355,ZCPxTatjq9LXI13EbVfN,False
Burial Clouds,Burn Holy,2026-05-22,"May 22, 2026",May 2026,2026-05-22T00:00:00,"Doom, Doom Metal, Post-Metal",https://heavymetalbest.com/album/burial-clouds/burn-holy?albumId=Y7MW2LVn5hH2mI5tGgbI,https://firebasestorage.googleapis.com/v0/b/heavy-metal-best.appspot.com/o/albums_img%2Fthumbnails%2FBurn-Holy-full-length_1779034969009_200_200.webp?alt=media&token=86ae9793-d9a2-4aea-8f42-c4ba30b202c9,Y7MW2LVn5hH2mI5tGgbI,False
Noituma,Yhdeksän sairautta,2026-05-22,"May 22, 2026",May 2026,2026-05-22T00:00:00,,https://heavymetalbest.com/album/noituma/yhdeksän-sairautta?albumId=Lw3eJZvYuXv6ZfCWy2BG,https://firebasestorage.googleapis.com/v0/b/heavy-metal-best.appspot.com/o/albums_img%2Fthumbnails%2FYhdeksän-sairautta-full-length_1779035362212_200_200.webp?alt=media&token=562ce969-8b5a-409f-a910-df6833475bd4,Lw3eJZvYuXv6ZfCWy2BG,False
Embrace of Souls,The Battle of the Dead,2026-05-22,"May 22, 2026",May 2026,2026-05-22T00:00:00,Power Metal,https://heavymetalbest.com/album/embrace-of-souls/the-battle-of-the-dead?albumId=JyBnR8yL6cTyV6Dl8LM8,https://firebasestorage.googleapis.com/v0/b/heavy-metal-best.appspot.com/o/albums_img%2Fthumbnails%2FThe-Battle-of-the-Dead-full-length_1778585547266_200_200.webp?alt=media&token=40aa4f93-d748-47cf-a154-a60be986fee3,JyBnR8yL6cTyV6Dl8LM8,False
Necrotesque,Et Mortui Resurgent,2026-05-22,"May 22, 2026",May 2026,2026-05-22T00:00:00,Death Metal,https://heavymetalbest.com/album/necrotesque/et-mortui-resurgent?albumId=GQJ9LnqCuJyQnbmK2drg,https://firebasestorage.googleapis.com/v0/b/heavy-metal-best.appspot.com/o/albums_img%2Fthumbnails%2FEt-Mortui-Resurgent-full-length_1779035344354_200_200.webp?alt=media&token=207b14d9-b295-4f4b-91c0-4e9351a06686,GQJ9LnqCuJyQnbmK2drg,False
Hexenaltar,Descending Curse,2026-05-22,"May 22, 2026",May 2026,2026-05-22T00:00:00,"Black Metal, Black, Thrash Metal",https://heavymetalbest.com/album/hexenaltar/descending-curse?albumId=DwlixKhaibcr5oyJHKV3,https://firebasestorage.googleapis.com/v0/b/heavy-metal-best.appspot.com/o/albums_img%2Fthumbnails%2FDescending-Curse-full-length_1779035215243_200_200.webp?alt=media&token=816d8de4-c5bd-4cd3-9806-ac9aab702414,DwlixKhaibcr5oyJHKV3,False
Horrific Visions,Remnants of Atrophy,2026-05-22,"May 22, 2026",May 2026,2026-05-22T00:00:00,,https://heavymetalbest.com/album/horrific-visions/remnants-of-atrophy?albumId=B2q1SJtqkxP1azbEgI9f,https://firebasestorage.googleapis.com/v0/b/heavy-metal-best.appspot.com/o/albums_img%2Fthumbnails%2FRemnants-of-Atrophy-full-length_1778585563346_200_200.webp?alt=media&token=bb644ec2-fe9c-4562-b900-c2db3cf67847,B2q1SJtqkxP1azbEgI9f,False
Deliverance,The Voyager Golden Banquet,2026-05-22,"May 22, 2026",May 2026,2026-05-22T00:00:00,"Black Metal, Sludge",https://heavymetalbest.com/album/deliverance/the-voyager-golden-banquet?albumId=AEYavR48SxvbixpZTWdL,https://firebasestorage.googleapis.com/v0/b/heavy-metal-best.appspot.com/o/albums_img%2Fthumbnails%2FThe-Voyager-Golden-Banquet-full-length_1778585502400_200_200.webp?alt=media&token=866501e3-48f6-47b7-b41d-134a7ecf1da8,AEYavR48SxvbixpZTWdL,False
Goat the Head,Death by Default,2026-05-22,"May 22, 2026",May 2026,2026-05-22T00:00:00,Death Metal,https://heavymetalbest.com/album/goat-the-head/death-by-default?albumId=8JqlmuKVZABEwmQB4wRd,https://firebasestorage.googleapis.com/v0/b/heavy-metal-best.appspot.com/o/albums_img%2Fthumbnails%2FDeath-by-Default-full-length_1779035158707_200_200.webp?alt=media&token=9b8911a9-20a2-41c8-9a54-bd475684a792,8JqlmuKVZABEwmQB4wRd,False
Downfall of Nur,And the Firmament Will Burn to Quench the Pain of This Earth,2026-05-22,"May 22, 2026",May 2026,2026-05-22T00:00:00,"Black Metal, Atmospheric Folk",https://heavymetalbest.com/album/downfall-of-nur/and-the-firmament-will-burn-to-quench-the-pain-of-this-earth?albumId=4IZbABHc0iXwnedEdBvU,https://firebasestorage.googleapis.com/v0/b/heavy-metal-best.appspot.com/o/albums_img%2Fthumbnails%2FAnd-the-Firmament-Will-Burn-to-Quench-the-Pain-of-This-Earth-full-length_1778681794167_200_200.webp?alt=media&token=5e826cf9-6aea-476b-bda5-6cc9497b168e,4IZbABHc0iXwnedEdBvU,False
Maliciouz,Sympathypnotic Intercession,2026-05-22,"May 22, 2026",May 2026,2026-05-22T00:00:00,"Stoner Metal, Doom, Sludge, Doom Metal",https://heavymetalbest.com/album/maliciouz/sympathypnotic-intercession?albumId=44ThUukcvG3UEYG8YzAI,https://firebasestorage.googleapis.com/v0/b/heavy-metal-best.appspot.com/o/albums_img%2Fthumbnails%2FSympathypnotic-Intercession-full-length_1779035291837_200_200.webp?alt=media&token=9e58b97b-1a84-4c48-81bb-2c90fd60d33d,44ThUukcvG3UEYG8YzAI,False
Lore,Psychotic Trance of the Black Nights,2026-05-22,"May 22, 2026",May 2026,2026-05-22T00:00:00,Black Metal,https://heavymetalbest.com/album/lore/psychotic-trance-of-the-black-nights?albumId=3LqKIaAsT8FfnN0COFP5,https://firebasestorage.googleapis.com/v0/b/heavy-metal-best.appspot.com/o/albums_img%2Fthumbnails%2FPsychotic-Trance-of-the-Black-Nights-full-length_1779035272408_200_200.webp?alt=media&token=c0b3e3db-a200-487f-bdbe-00628d19f514,3LqKIaAsT8FfnN0COFP5,False
Anna Fiori,Metztli,2026-05-21,"May 21, 2026",May 2026,2026-05-21T00:00:00,,https://heavymetalbest.com/album/anna-fiori/metztli?albumId=mbybNU5HJtyUqu5ITjzO,https://firebasestorage.googleapis.com/v0/b/heavy-metal-best.appspot.com/o/albums_img%2Fthumbnails%2FMetztli-full-length_1773431903652_200_200.webp?alt=media&token=309a0a36-46f1-4fdf-b776-66b397a88afb,mbybNU5HJtyUqu5ITjzO,True
Blossom Death,Spirit,2026-05-21,"May 21, 2026",May 2026,2026-05-21T00:00:00,"Doom, Gothic Metal, Rock, Doom Metal",https://heavymetalbest.com/album/blossom-death/spirit?albumId=jbJ3wZNtjTWxDmhcxY4y,https://firebasestorage.googleapis.com/v0/b/heavy-metal-best.appspot.com/o/albums_img%2Fthumbnails%2FSpirit-full-length_1778524543804_200_200.webp?alt=media&token=d5712ce9-eb0a-4f50-bdda-9d33b2400530,jbJ3wZNtjTWxDmhcxY4y,False
Heaven Is Sleeping,Heaven Is Sleeping,2026-05-21,"May 21, 2026",May 2026,2026-05-21T00:00:00,"Doom Metal, Stoner",https://heavymetalbest.com/album/heaven-is-sleeping/heaven-is-sleeping?albumId=EkFjI35jvBfwy0Zfffqa,https://firebasestorage.googleapis.com/v0/b/heavy-metal-best.appspot.com/o/albums_img%2Fthumbnails%2FHeaven-Is-Sleeping-full-length_1778681830196_200_200.webp?alt=media&token=30b7ac1e-aa31-456e-8518-f5d988e373d3,EkFjI35jvBfwy0Zfffqa,False
Desecresy,The Secret of Death,2026-05-21,"May 21, 2026",May 2026,2026-05-21T00:00:00,Death Metal,https://heavymetalbest.com/album/desecresy/the-secret-of-death?albumId=7haCp0cOHW4UAxWdi3vw,https://firebasestorage.googleapis.com/v0/b/heavy-metal-best.appspot.com/o/albums_img%2Fthumbnails%2FThe-Secret-of-Death-full-length_1778524601283_200_200.webp?alt=media&token=2a6f12b7-1f89-4424-b0cd-7b500a8fa2a0,7haCp0cOHW4UAxWdi3vw,False
Blood Python,Voidseeker,2026-05-21,"May 21, 2026",May 2026,2026-05-21T00:00:00,Heavy Metal,https://heavymetalbest.com/album/blood-python/voidseeker?albumId=7KpOlCNn4XZNHkAke6zW,https://firebasestorage.googleapis.com/v0/b/heavy-metal-best.appspot.com/o/albums_img%2Fthumbnails%2FVoidseeker-full-length_1778524518341_200_200.webp?alt=media&token=fc61688d-b501-40d3-91ae-f6e7f4f170fb,7KpOlCNn4XZNHkAke6zW,False
Blood Prophecy,Road to Hero,2026-05-20,"May 20, 2026",May 2026,2026-05-20T00:00:00,,https://heavymetalbest.com/album/blood-prophecy/road-to-hero?albumId=qwYyZ4hJume1v520qV8f,https://firebasestorage.googleapis.com/v0/b/heavy-metal-best.appspot.com/o/albums_img%2Fthumbnails%2FRoad-to-Hero-full-length_1778508093305_200_200.webp?alt=media&token=1753c54b-dbbf-45be-8d74-74a818f8cf78,qwYyZ4hJume1v520qV8f,False
Voroth,Lingua Secunda,2026-05-20,"May 20, 2026",May 2026,2026-05-20T00:00:00,"Death Metal, Death, Thrash Metal",https://heavymetalbest.com/album/voroth/lingua-secunda?albumId=iuSUMODhk8AUW0LcFIlx,https://firebasestorage.googleapis.com/v0/b/heavy-metal-best.appspot.com/o/albums_img%2Fthumbnails%2FLingua-Secunda-full-length_1778508357520_200_200.webp?alt=media&token=331c1eac-4f78-4fe7-98fe-2a2650d50fbf,iuSUMODhk8AUW0LcFIlx,False
Membrance,Resa Marciana,2026-05-19,"May 19, 2026",May 2026,2026-05-19T00:00:00,Death Metal,https://heavymetalbest.com/album/membrance/resa-marciana?albumId=rafSo1AzLnLt9CeuIgCi,https://firebasestorage.googleapis.com/v0/b/heavy-metal-best.appspot.com/o/albums_img%2Fthumbnails%2FResa-Marciana-full-length_1778508191283_200_200.webp?alt=media&token=9d81a274-99d9-4097-8849-6ce0a17fd3ff,rafSo1AzLnLt9CeuIgCi,False
Hourswill,Ensemble,2026-05-19,"May 19, 2026",May 2026,2026-05-19T00:00:00,Progressive Metal,https://heavymetalbest.com/album/hourswill/ensemble?albumId=mDHHoWY3Ch1uQ0VKZNdp,https://firebasestorage.googleapis.com/v0/b/heavy-metal-best.appspot.com/o/albums_img%2Fthumbnails%2FEnsemble-full-length_1778508175106_200_200.webp?alt=media&token=d3a4e5c5-711c-4b1d-a69e-ffe29d63b471,mDHHoWY3Ch1uQ0VKZNdp,False
Bleeding,Dispersed Blood Sustenance,2026-05-16,"May 16, 2026",May 2026,2026-05-16T00:00:00,,https://heavymetalbest.com/album/bleeding/dispersed-blood-sustenance?albumId=tQ2OXmcz0p6uzhb9VsLj,https://firebasestorage.googleapis.com/v0/b/heavy-metal-best.appspot.com/o/albums_img%2Fthumbnails%2FDispersed-Blood-Sustenance-full-length_1778508081989_200_200.webp?alt=media&token=c76cdcb2-a585-46b7-a149-1fa9bea3615c,tQ2OXmcz0p6uzhb9VsLj,False
Goblin Hovel,New Roads Through Old Places,2026-05-16,"May 16, 2026",May 2026,2026-05-16T00:00:00,,https://heavymetalbest.com/album/goblin-hovel/new-roads-through-old-places?albumId=SR5qwnmYz85dCLd3yXh2,https://firebasestorage.googleapis.com/v0/b/heavy-metal-best.appspot.com/o/albums_img%2Fthumbnails%2FNew-Roads-Through-Old-Places-full-length_1778508124914_200_200.webp?alt=media&token=15c8f923-55c0-4c93-87c8-297e00709f71,SR5qwnmYz85dCLd3yXh2,False
Black Usurper,Saturnian Genocide Rituals,2026-05-16,"May 16, 2026",May 2026,2026-05-16T00:00:00,Black Metal,https://heavymetalbest.com/album/black-usurper/saturnian-genocide-rituals?albumId=9ovFaEogbpO0HMXlDgM1,https://firebasestorage.googleapis.com/v0/b/heavy-metal-best.appspot.com/o/albums_img%2Fthumbnails%2FSaturnian-Genocide-Rituals-full-length_1778508053205_200_200.webp?alt=media&token=af605b48-74ab-44fa-b2d6-653f2e5bda85,9ovFaEogbpO0HMXlDgM1,False
Periphery,A Pale White Dot,2026-05-15,"May 15, 2026",May 2026,2026-05-15T00:00:00,"Progressive Metal, Djent",https://heavymetalbest.com/album/periphery/a-pale-white-dot?albumId=0NxqJacKfD4lKJGh1izk,https://firebasestorage.googleapis.com/v0/b/heavy-metal-best.appspot.com/o/albums%2FA-Pale-White-Dot-full-length_1777574992669.jpg?alt=media&token=86ad4b53-f7e9-4be7-a2be-2d54e98446e3,0NxqJacKfD4lKJGh1izk,True
Void Sinker,Cycle,2026-05-15,"May 15, 2026",May 2026,2026-05-15T00:00:00,"Sludge, Drone, Doom Metal",https://heavymetalbest.com/album/void-sinker/cycle?albumId=5Eyh7UnHYaPo3ptV8L8x,https://firebasestorage.googleapis.com/v0/b/heavy-metal-best.appspot.com/o/albums_img%2Fthumbnails%2FCycle-full-length_1777569807515_200_200.webp?alt=media&token=72f71249-5d41-42a9-ba72-f145fe971890,5Eyh7UnHYaPo3ptV8L8x,True
Heavenfall,Thorn,2026-05-15,"May 15, 2026",May 2026,2026-05-15T00:00:00,Heavy Metal,https://heavymetalbest.com/album/heavenfall/thorn?albumId=BTkRqU5EReVw1Io9hF3z,https://firebasestorage.googleapis.com/v0/b/heavy-metal-best.appspot.com/o/albums_img%2Fthumbnails%2FThorn-full-length_1777493552172_200_200.webp?alt=media&token=b3d400b5-734e-4340-b3b6-60de28f4d168,BTkRqU5EReVw1Io9hF3z,True
Angellore,Nocturnes,2026-05-15,"May 15, 2026",May 2026,2026-05-15T00:00:00,"Death Metal, Doom Metal, Gothic, Doom",https://heavymetalbest.com/album/angellore/nocturnes?albumId=GrrQYIl6cDWLHtULRDai,https://firebasestorage.googleapis.com/v0/b/heavy-metal-best.appspot.com/o/albums_img%2Fthumbnails%2FNocturnes-full-length_1774443167929_200_200.webp?alt=media&token=57c7c518-95e8-4925-94ba-277c01f65789,GrrQYIl6cDWLHtULRDai,True
Tyrannus,Mournhold,2026-05-15,"May 15, 2026",May 2026,2026-05-15T00:00:00,"Black, Black Metal, Thrash Metal, Death Metal, Death",https://heavymetalbest.com/album/tyrannus/mournhold?albumId=I5Y3mEWUtTq64UiAQ6tJ,https://firebasestorage.googleapis.com/v0/b/heavy-metal-best.appspot.com/o/albums_img%2Fthumbnails%2FMournhold-full-length_1777569795325_200_200.webp?alt=media&token=e013a49f-5100-4f24-a4a1-182edf204703,I5Y3mEWUtTq64UiAQ6tJ,True
Desiccation,Legatum Mortuorum,2026-05-15,"May 15, 2026",May 2026,2026-05-15T00:00:00,"Black, Black Metal, Doom Metal",https://heavymetalbest.com/album/desiccation/legatum-mortuorum?albumId=NR65IPdOIO6xVNlCBakN,https://firebasestorage.googleapis.com/v0/b/heavy-metal-best.appspot.com/o/albums_img%2Fthumbnails%2FLegatum-Mortuorum-full-length_1777569502374_200_200.webp?alt=media&token=29e2fac3-0671-4207-ad15-4dfc9f16020c,NR65IPdOIO6xVNlCBakN,True
Acid Reign,Daze of the Week,2026-05-15,"May 15, 2026",May 2026,2026-05-15T00:00:00,Thrash Metal,https://heavymetalbest.com/album/acid-reign/daze-of-the-week?albumId=NZmC0OVGa6t3ZMzgvQ0w,https://firebasestorage.googleapis.com/v0/b/heavy-metal-best.appspot.com/o/albums_img%2Fthumbnails%2FDaze-of-the-Week-full-length_1775763028586_200_200.webp?alt=media&token=5e1e8fd1-f0b0-4fdd-9149-49bfe7f56613,NZmC0OVGa6t3ZMzgvQ0w,True
Pro-Pain,Stone Cold Anger,2026-05-15,"May 15, 2026",May 2026,2026-05-15T00:00:00,"Hardcore, Groove, Thrash Metal",https://heavymetalbest.com/album/pro-pain/stone-cold-anger?albumId=NyDCupN0pZOf1xupuADc,https://firebasestorage.googleapis.com/v0/b/heavy-metal-best.appspot.com/o/albums_img%2Fthumbnails%2FStone-Cold-Anger-full-length_1777496547683_200_200.webp?alt=media&token=e02d04e6-8a08-4484-bf35-eb5190d0f44d,NyDCupN0pZOf1xupuADc,True
Lorn,Searing Blood,2026-05-15,"May 15, 2026",May 2026,2026-05-15T00:00:00,Black Metal,https://heavymetalbest.com/album/lorn/searing-blood?albumId=OFPtoyqoYmbJgweaJduA,https://firebasestorage.googleapis.com/v0/b/heavy-metal-best.appspot.com/o/albums_img%2Fthumbnails%2FSearing-Blood-full-length_1777569596596_200_200.webp?alt=media&token=b645e8a5-50df-4e08-abd3-bfb5e4297cf0,OFPtoyqoYmbJgweaJduA,True
Gozu,Gozu VI,2026-05-15,"May 15, 2026",May 2026,2026-05-15T00:00:00,,https://heavymetalbest.com/album/gozu/gozu-vi?albumId=OkNRZDF8JzuCsAR8trtq,https://firebasestorage.googleapis.com/v0/b/heavy-metal-best.appspot.com/o/albums_img%2Fthumbnails%2FGozu-VI-full-length_1777569551649_200_200.webp?alt=media&token=4ad130be-e18d-461b-afba-d7e86c908040,OkNRZDF8JzuCsAR8trtq,True
Solemnity,Opus Barbaricum,2026-05-15,"May 15, 2026",May 2026,2026-05-15T00:00:00,Heavy Metal,https://heavymetalbest.com/album/solemnity/opus-barbaricum?albumId=Xi60WKMDRAiLR6lpHKep,https://firebasestorage.googleapis.com/v0/b/heavy-metal-best.appspot.com/o/albums_img%2Fthumbnails%2FOpus-Barbaricum-full-length_1777569764666_200_200.webp?alt=media&token=dcce87ae-747c-4c7b-a540-41729b6e1841,Xi60WKMDRAiLR6lpHKep,True
Atavistia,Old Gods Awaken,2026-05-15,"May 15, 2026",May 2026,2026-05-15T00:00:00,,https://heavymetalbest.com/album/atavistia/old-gods-awaken?albumId=ZA4fTwAybQ4UuqdSAObr,https://firebasestorage.googleapis.com/v0/b/heavy-metal-best.appspot.com/o/albums_img%2Fthumbnails%2FOld-Gods-Awaken-full-length_1777493376647_200_200.webp?alt=media&token=8fb3af33-3651-4d7b-bb00-79b94e8e2931,ZA4fTwAybQ4UuqdSAObr,True
Sagros,Sincarnation,2026-05-15,"May 15, 2026",May 2026,2026-05-15T00:00:00,Thrash Metal,https://heavymetalbest.com/album/sagros/sincarnation?albumId=aAo46hYNHJa2DUBUafNk,https://firebasestorage.googleapis.com/v0/b/heavy-metal-best.appspot.com/o/albums_img%2Fthumbnails%2FSincarnation-full-length_1777496894576_200_200.webp?alt=media&token=ba77210a-3280-4cf0-97a3-b2438cf1e2f4,aAo46hYNHJa2DUBUafNk,True
Aneeiun,An.Ki.Kur,2026-05-15,"May 15, 2026",May 2026,2026-05-15T00:00:00,Black Metal,https://heavymetalbest.com/album/aneeiun/an.ki.kur?albumId=auUKtSWY53qv0rUMbbFx,https://firebasestorage.googleapis.com/v0/b/heavy-metal-best.appspot.com/o/albums_img%2Fthumbnails%2FAn.Ki.Kur-full-length_1777569432567_200_200.webp?alt=media&token=77747adc-6771-499a-9470-4c1969805a4c,auUKtSWY53qv0rUMbbFx,True
Sum of Seven,Echoes of the Hypermind,2026-05-15,"May 15, 2026",May 2026,2026-05-15T00:00:00,Progressive Metal,https://heavymetalbest.com/album/sum-of-seven/echoes-of-the-hypermind?albumId=dG6xqiRs3yKGFybIF77m,https://firebasestorage.googleapis.com/v0/b/heavy-metal-best.appspot.com/o/albums_img%2Fthumbnails%2FEchoes-of-the-Hypermind-full-length_1777496910683_200_200.webp?alt=media&token=af9dfc96-30f2-4f52-b8d6-ceda878607d9,dG6xqiRs3yKGFybIF77m,True
Akem Manah,Threnodies,2026-05-15,"May 15, 2026",May 2026,2026-05-15T00:00:00,"Doom, Gothic Metal, Doom Metal, Death",https://heavymetalbest.com/album/akem-manah/threnodies?albumId=dvIGL0jdp60exzD5sULF,https://firebasestorage.googleapis.com/v0/b/heavy-metal-best.appspot.com/o/albums_img%2Fthumbnails%2FThrenodies-full-length_1771523940047_200_200.webp?alt=media&token=09f7b724-2f18-4070-b63e-c0a46a2015a4,dvIGL0jdp60exzD5sULF,True
Rito Profanatorio,Rameras del diablo,2026-05-15,"May 15, 2026",May 2026,2026-05-15T00:00:00,"Black Metal, Death",https://heavymetalbest.com/album/rito-profanatorio/rameras-del-diablo?albumId=fTnxWGJN435KyJ1748HS,https://firebasestorage.googleapis.com/v0/b/heavy-metal-best.appspot.com/o/albums_img%2Fthumbnails%2FRameras-del-diablo-full-length_1777569699209_200_200.webp?alt=media&token=ce3cb5d9-365d-4429-a39d-ea6ae75bf901,fTnxWGJN435KyJ1748HS,True
Junon,The Golden Citadel of the Astral Sphere,2026-05-15,"May 15, 2026",May 2026,2026-05-15T00:00:00,,https://heavymetalbest.com/album/junon/the-golden-citadel-of-the-astral-sphere?albumId=foUatJDQO7ef1XCOE63K,https://firebasestorage.googleapis.com/v0/b/heavy-metal-best.appspot.com/o/albums_img%2Fthumbnails%2FThe-Golden-Citadel-of-the-Astral-Sphere-full-length_1777569559926_200_200.webp?alt=media&token=832f2ec9-731a-49a6-b8ec-fbebdca9088c,foUatJDQO7ef1XCOE63K,True
Norgaahl,Black Spirits,2026-05-15,"May 15, 2026",May 2026,2026-05-15T00:00:00,"Death, Thrash Metal, Groove",https://heavymetalbest.com/album/norgaahl/black-spirits?albumId=ioXACs8fLGHveQiCzJKP,https://firebasestorage.googleapis.com/v0/b/heavy-metal-best.appspot.com/o/albums_img%2Fthumbnails%2FBlack-Spirits-full-length_1777569618917_200_200.webp?alt=media&token=b16fa7ee-696e-4212-9fc2-dca195d900f5,ioXACs8fLGHveQiCzJKP,True
Primordial Black,Heterotopia,2026-05-15,"May 15, 2026",May 2026,2026-05-15T00:00:00,"Black Metal, Heavy, Heavy Metal, Groove Metal, Black",https://heavymetalbest.com/album/primordial-black/heterotopia?albumId=k09sveDAex7RmXTJeZoq,https://firebasestorage.googleapis.com/v0/b/heavy-metal-best.appspot.com/o/albums_img%2Fthumbnails%2FHeterotopia-full-length_1777569639814_200_200.webp?alt=media&token=df9e2a6e-50f5-4956-ab63-3e34a5daf475,k09sveDAex7RmXTJeZoq,True
Inthraced,Constellation Zero,2026-05-15,"May 15, 2026",May 2026,2026-05-15T00:00:00,,https://heavymetalbest.com/album/inthraced/constellation-zero?albumId=nXNzp2Bsp7SeCZyXHtKc,https://firebasestorage.googleapis.com/v0/b/heavy-metal-best.appspot.com/o/albums_img%2Fthumbnails%2FConstellation-Zero-full-length_1777496385141_200_200.webp?alt=media&token=981add85-a559-4d03-8f6b-03a7c57dc623,nXNzp2Bsp7SeCZyXHtKc,True
Defect Designer,Depressants,2026-05-15,"May 15, 2026",May 2026,2026-05-15T00:00:00,,https://heavymetalbest.com/album/defect-designer/depressants?albumId=oSowD2CGJarBbYFCiQn1,https://firebasestorage.googleapis.com/v0/b/heavy-metal-best.appspot.com/o/albums_img%2Fthumbnails%2FDepressants-full-length_1777493461207_200_200.webp?alt=media&token=ef35aa94-14fc-413c-882b-7e4a1447bc64,oSowD2CGJarBbYFCiQn1,True
Deadnight,The Black Scourge,2026-05-15,"May 15, 2026",May 2026,2026-05-15T00:00:00,"Black Metal, Black, Thrash Metal",https://heavymetalbest.com/album/deadnight/the-black-scourge?albumId=r03WCf9zcmWJHmeIpMm2,https://firebasestorage.googleapis.com/v0/b/heavy-metal-best.appspot.com/o/albums_img%2Fthumbnails%2FThe-Black-Scourge-full-length_1777569492871_200_200.webp?alt=media&token=5cc463d1-6c90-4a5f-a5a3-73c534261c26,r03WCf9zcmWJHmeIpMm2,True
Confess,Metalmorphosis,2026-05-15,"May 15, 2026",May 2026,2026-05-15T00:00:00,Heavy Metal,https://heavymetalbest.com/album/confess/metalmorphosis?albumId=szIJtZ6BKiEFk8kj8rFZ,https://firebasestorage.googleapis.com/v0/b/heavy-metal-best.appspot.com/o/albums%2FMetalmorphosis-full-length_1777575100586.jpg?alt=media&token=3b82bf35-257a-4fb1-868e-e064189e8d77,szIJtZ6BKiEFk8kj8rFZ,True
Von Groove,Born to Rock,2026-05-15,"May 15, 2026",May 2026,2026-05-15T00:00:00,"Heavy Metal, Hard Rock",https://heavymetalbest.com/album/von-groove/born-to-rock?albumId=ukSiZyl9cFpj3NMlYlA6,https://firebasestorage.googleapis.com/v0/b/heavy-metal-best.appspot.com/o/albums%2FBorn-to-Rock-full-length_1777575059416.jpg?alt=media&token=e26a71ff-8787-40d2-b799-57a15c2c35eb,ukSiZyl9cFpj3NMlYlA6,True
Revenge Ritual,Arbitrary Punishment,2026-05-15,"May 15, 2026",May 2026,2026-05-15T00:00:00,,https://heavymetalbest.com/album/revenge-ritual/arbitrary-punishment?albumId=xG60qj5ztLKgDqOsbWpx,https://firebasestorage.googleapis.com/v0/b/heavy-metal-best.appspot.com/o/albums_img%2Fthumbnails%2FArbitrary-Punishment-full-length_1777569652764_200_200.webp?alt=media&token=8a5657f1-0364-47ad-b6c4-efe1d51279a3,xG60qj5ztLKgDqOsbWpx,True
Moshquito,Dies Irae,2026-05-15,"May 15, 2026",May 2026,2026-05-15T00:00:00,Thrash Metal,https://heavymetalbest.com/album/moshquito/dies-irae?albumId=ttPFASfgUVurj7ed8Lhc,https://firebasestorage.googleapis.com/v0/b/heavy-metal-best.appspot.com/o/albums_img%2Fthumbnails%2FDies-Irae-full-length_1778681976120_200_200.webp?alt=media&token=c399cad2-c016-4109-8c57-c393b0708ed8,ttPFASfgUVurj7ed8Lhc,False
Dromos,Failing Light,2026-05-15,"May 15, 2026",May 2026,2026-05-15T00:00:00,,https://heavymetalbest.com/album/dromos/failing-light?albumId=pnnYq1F4htHO9iFoFiSH,https://firebasestorage.googleapis.com/v0/b/heavy-metal-best.appspot.com/o/albums_img%2Fthumbnails%2FFailing-Light-full-length_1778508110991_200_200.webp?alt=media&token=4cc58dc3-8389-4719-91b6-adb9f67360fe,pnnYq1F4htHO9iFoFiSH,False
Jungle Rot,Cruel Face of War,2026-05-15,"May 15, 2026",May 2026,2026-05-15T00:00:00,,https://heavymetalbest.com/album/jungle-rot/cruel-face-of-war?albumId=f4q1qVKx7ZornyxTUthp,https://firebasestorage.googleapis.com/v0/b/heavy-metal-best.appspot.com/o/albums_img%2Fthumbnails%2FCruel-Face-of-War-full-length_1778501730711_200_200.webp?alt=media&token=f45c35aa-e870-48ec-bab2-3c5840b38321,f4q1qVKx7ZornyxTUthp,False
Nedgravd,Ascension,2026-05-14,"May 14, 2026",May 2026,2026-05-14T00:00:00,Death Metal,https://heavymetalbest.com/album/nedgravd/ascension?albumId=P9itYIbHO9CM3ftyaIgw,https://firebasestorage.googleapis.com/v0/b/heavy-metal-best.appspot.com/o/albums%2FAscension-full-length_1777575112522.jpg?alt=media&token=89e28ed0-8786-4be6-ab59-e2ee0d81acca,P9itYIbHO9CM3ftyaIgw,True
We Follow the Earth,Foamdrinker,2026-05-12,"May 12, 2026",May 2026,2026-05-12T00:00:00,"Sludge, Doom Metal",https://heavymetalbest.com/album/we-follow-the-earth/foamdrinker?albumId=JUDxDdvTL2zbK12btim7,https://firebasestorage.googleapis.com/v0/b/heavy-metal-best.appspot.com/o/albums_img%2Fthumbnails%2FFoamdrinker-full-length_1777496919676_200_200.webp?alt=media&token=e71d386d-6067-46bb-915f-5d400b7198a1,JUDxDdvTL2zbK12btim7,True
Drain of Impurity,The Dark Ascension of the Supreme Prometheus Gods,2026-05-12,"May 12, 2026",May 2026,2026-05-12T00:00:00,,https://heavymetalbest.com/album/drain-of-impurity/the-dark-ascension-of-the-supreme-prometheus-gods?albumId=nXMdXmw4t51BdH0CZzUo,https://firebasestorage.googleapis.com/v0/b/heavy-metal-best.appspot.com/o/albums_img%2Fthumbnails%2FThe-Dark-Ascension-of-the-Supreme-Prometheus-Gods-full-length_1777493533969_200_200.webp?alt=media&token=0a2790c2-1732-47a6-89c0-54032803f28d,nXMdXmw4t51BdH0CZzUo,True
Ara,Hohe Tannen,2026-05-11,"May 11, 2026",May 2026,2026-05-11T00:00:00,Black Metal,https://heavymetalbest.com/album/ara/hohe-tannen?albumId=CVaRkdesgR0C0HI6mbU2,https://firebasestorage.googleapis.com/v0/b/heavy-metal-best.appspot.com/o/albums_img%2Fthumbnails%2FHohe-Tannen-full-length_1777493353956_200_200.webp?alt=media&token=dc50e223-b47a-4749-aa1a-ac2c568e1a76,CVaRkdesgR0C0HI6mbU2,True
IIIusion,IIIusion,2026-05-11,"May 11, 2026",May 2026,2026-05-11T00:00:00,,https://heavymetalbest.com/album/iiiusion/iiiusion?albumId=b89bPdX8Ax7MiZPKohCM,https://firebasestorage.googleapis.com/v0/b/heavy-metal-best.appspot.com/o/albums_img%2Fthumbnails%2FIIIusion-full-length_1777497358397_200_200.webp?alt=media&token=88665894-b99c-4021-b81c-58669403b70a,b89bPdX8Ax7MiZPKohCM,True
Critical Disaster,Blast of Rebellion Day,2026-05-10,"May 10, 2026",May 2026,2026-05-10T00:00:00,,https://heavymetalbest.com/album/critical-disaster/blast-of-rebellion-day?albumId=6xEv7lFhrYt9c3V3Qf0c,https://firebasestorage.googleapis.com/v0/b/heavy-metal-best.appspot.com/o/albums_img%2Fthumbnails%2FBlast-of-Rebellion-Day-full-length_1777493454622_200_200.webp?alt=media&token=640a87bd-e599-4b41-8f20-df0599ee71b4,6xEv7lFhrYt9c3V3Qf0c,False
Chronic Hate,Defeating the Oblivion of Life,2026-05-09,"May 9, 2026",May 2026,2026-05-09T00:00:00,Death Metal,https://heavymetalbest.com/album/chronic-hate/defeating-the-oblivion-of-life?albumId=8zdFThYbP7pbcccf2tP9,https://firebasestorage.googleapis.com/v0/b/heavy-metal-best.appspot.com/o/albums_img%2Fthumbnails%2FDefeating-the-Oblivion-of-Life-full-length_1777493423742_200_200.webp?alt=media&token=21c430f3-820d-4a6e-b406-0b1a2c7e3a94,8zdFThYbP7pbcccf2tP9,False
Scraper,Infinite Journey,2026-05-08,"May 8, 2026",May 2026,2026-05-08T00:00:00,Thrash Metal,https://heavymetalbest.com/album/scraper/infinite-journey?albumId=zlVJAGjcakasVQluzu8c,https://firebasestorage.googleapis.com/v0/b/heavy-metal-best.appspot.com/o/albums_img%2Fthumbnails%2FInfinite-Journey-full-length_1777045930150_200_200.webp?alt=media&token=d8ea6c8b-a79c-4f18-8f9d-75c7e063d860,zlVJAGjcakasVQluzu8c,False
Draconian,In Somnolent Ruin,2026-05-08,"May 8, 2026",May 2026,2026-05-08T00:00:00,"Death Metal, Doom Metal, Gothic, Doom",https://heavymetalbest.com/album/draconian/in-somnolent-ruin?albumId=ulk0i5htt0xKtJN4UhGp,https://firebasestorage.googleapis.com/v0/b/heavy-metal-best.appspot.com/o/albums_img%2Fthumbnails%2FIn-Somnolent-Ruin-full-length_1776976198396_200_200.webp?alt=media&token=a91620ff-9a7d-408a-ad38-fd5665bf6d5b,ulk0i5htt0xKtJN4UhGp,False
Telomyras,Duskfall,2026-05-08,"May 8, 2026",May 2026,2026-05-08T00:00:00,Heavy Metal,https://heavymetalbest.com/album/telomyras/duskfall?albumId=sg2ek6vUQsQ161qYchJj,https://firebasestorage.googleapis.com/v0/b/heavy-metal-best.appspot.com/o/albums_img%2Fthumbnails%2FDuskfall-full-length_1777045944664_200_200.webp?alt=media&token=bfe4d0f2-56fa-4bb8-a075-837cb844092d,sg2ek6vUQsQ161qYchJj,False
Motus Tenebrae,In Sorrow's Requiem,2026-05-08,"May 8, 2026",May 2026,2026-05-08T00:00:00,"Gothic, Doom Metal",https://heavymetalbest.com/album/motus-tenebrae/in-sorrow's-requiem?albumId=q3CdY2kLqwA1RfB2qYkH,https://firebasestorage.googleapis.com/v0/b/heavy-metal-best.appspot.com/o/albums_img%2Fthumbnails%2FIn-Sorrow's-Requiem-full-length_1776959074877_200_200.webp?alt=media&token=3db18bd2-ce88-474c-8a26-a5224a0078e6,q3CdY2kLqwA1RfB2qYkH,False
Lago,Vigil,2026-05-08,"May 8, 2026",May 2026,2026-05-08T00:00:00,Death Metal,https://heavymetalbest.com/album/lago/vigil?albumId=q2L9zPXC32QgLp0ltr4s,https://firebasestorage.googleapis.com/v0/b/heavy-metal-best.appspot.com/o/albums_img%2Fthumbnails%2FVigil-full-length_1776976363861_200_200.webp?alt=media&token=aff806dd-7fbd-4199-b7fe-0fecdb29cee5,q2L9zPXC32QgLp0ltr4s,False
Sacriversum,Before the Birth of Light,2026-05-08,"May 8, 2026",May 2026,2026-05-08T00:00:00,"later), Gothic Metal, Death Metal, Thrash Metal (early, Death",https://heavymetalbest.com/album/sacriversum/before-the-birth-of-light?albumId=pDAss7GqAfsvg7Bp3EY0,https://firebasestorage.googleapis.com/v0/b/heavy-metal-best.appspot.com/o/albums_img%2Fthumbnails%2FBefore-the-Birth-of-Light-full-length_1776976454645_200_200.webp?alt=media&token=e786e56a-1c7e-4574-9f88-786fecbc792f,pDAss7GqAfsvg7Bp3EY0,False
Goholor,Locus Damnatorum,2026-05-08,"May 8, 2026",May 2026,2026-05-08T00:00:00,"Death Metal, Black, Black Metal",https://heavymetalbest.com/album/goholor/locus-damnatorum?albumId=mY4q7mlaGli9i6f5c2zd,https://firebasestorage.googleapis.com/v0/b/heavy-metal-best.appspot.com/o/albums_img%2Fthumbnails%2FLocus-Damnatorum-full-length_1776976254067_200_200.webp?alt=media&token=c43a1c6b-bd1a-4d7f-8e7c-1086c61fc11f,mY4q7mlaGli9i6f5c2zd,False
Torchia,They Are Born Under Rules of the Darkness,2026-05-08,"May 8, 2026",May 2026,2026-05-08T00:00:00,,https://heavymetalbest.com/album/torchia/they-are-born-under-rules-of-the-darkness?albumId=mOK4xtg38ui6LvKqpWbn,https://firebasestorage.googleapis.com/v0/b/heavy-metal-best.appspot.com/o/albums_img%2Fthumbnails%2FThey-Are-Born-Under-Rules-of-the-Darkness-full-length_1776959158480_200_200.webp?alt=media&token=9699d288-0310-4efc-bef9-112a3cd20092,mOK4xtg38ui6LvKqpWbn,False
WLVS,Rooted in Ancestral Memory,2026-05-08,"May 8, 2026",May 2026,2026-05-08T00:00:00,Black Metal,https://heavymetalbest.com/album/wlvs/rooted-in-ancestral-memory?albumId=lajvcV2AUXXiaFUxgz4c,https://firebasestorage.googleapis.com/v0/b/heavy-metal-best.appspot.com/o/albums_img%2Fthumbnails%2FRooted-in-Ancestral-Memory-full-length_1777046019633_200_200.webp?alt=media&token=f29d7081-19be-4e31-824c-2e809ade03d5,lajvcV2AUXXiaFUxgz4c,False
Wolfpack Heading Nowhere,Wolfpack Heading Nowhere,2026-05-08,"May 8, 2026",May 2026,2026-05-08T00:00:00,,https://heavymetalbest.com/album/wolfpack-heading-nowhere/wolfpack-heading-nowhere?albumId=g7nOful7YCrSMvoPY69H,https://firebasestorage.googleapis.com/v0/b/heavy-metal-best.appspot.com/o/albums_img%2Fthumbnails%2FWolfpack-Heading-Nowhere-full-length_1777046028365_200_200.webp?alt=media&token=0fe13358-a15b-48d8-993d-da923876d2af,g7nOful7YCrSMvoPY69H,False
IATT,Etheric Realms of the Night,2026-05-08,"May 8, 2026",May 2026,2026-05-08T00:00:00,"Progressive Metal, Metalcore, Progressive, Melodic Black, Death Metal",https://heavymetalbest.com/album/iatt/etheric-realms-of-the-night?albumId=g3emSaMecE3rBJ8QBR43,https://firebasestorage.googleapis.com/v0/b/heavy-metal-best.appspot.com/o/albums_img%2Fthumbnails%2FEtheric-Realms-of-the-Night-full-length_1776976327024_200_200.webp?alt=media&token=2acf4798-efb7-4f26-925c-6b2c8578cd9a,g3emSaMecE3rBJ8QBR43,False
Ingested,Denigration,2026-05-08,"May 8, 2026",May 2026,2026-05-08T00:00:00,,https://heavymetalbest.com/album/ingested/denigration?albumId=ewWrVSZPVpVrEVKtmcHR,https://firebasestorage.googleapis.com/v0/b/heavy-metal-best.appspot.com/o/albums_img%2Fthumbnails%2FDenigration-full-length_1776976338666_200_200.webp?alt=media&token=724d1ca5-20b1-44d1-ad71-c0781a8ef119,ewWrVSZPVpVrEVKtmcHR,False
Crystal Winds,Long Live the King,2026-05-08,"May 8, 2026",May 2026,2026-05-08T00:00:00,Heavy Metal,https://heavymetalbest.com/album/crystal-winds/long-live-the-king?albumId=cqsHY3vp12vihASp4aIM,https://firebasestorage.googleapis.com/v0/b/heavy-metal-best.appspot.com/o/albums_img%2Fthumbnails%2FLong-Live-the-King-full-length_1777045696482_200_200.webp?alt=media&token=8c927fbb-189e-406b-b431-4d55c479d1af,cqsHY3vp12vihASp4aIM,False
Saasta,Cesspool,2026-05-08,"May 8, 2026",May 2026,2026-05-08T00:00:00,"Death Metal, Doom Metal, Doom",https://heavymetalbest.com/album/saasta/cesspool?albumId=bajCb1r8wgsQQhw0dgYO,https://firebasestorage.googleapis.com/v0/b/heavy-metal-best.appspot.com/o/albums_img%2Fthumbnails%2FCesspool-full-length_1776976383584_200_200.webp?alt=media&token=dcc5cb73-40c5-421a-85a2-396fef6c1742,bajCb1r8wgsQQhw0dgYO,False
Madvice,L'ottavo giorno,2026-05-08,"May 8, 2026",May 2026,2026-05-08T00:00:00,,https://heavymetalbest.com/album/madvice/l'ottavo-giorno?albumId=ZFbl8iA0T1MSXQbCtRHM,https://firebasestorage.googleapis.com/v0/b/heavy-metal-best.appspot.com/o/albums_img%2Fthumbnails%2FL'ottavo-giorno-full-length_1777045886968_200_200.webp?alt=media&token=46b9e6bc-d751-4de9-bc2c-e73b73ce8e3e,ZFbl8iA0T1MSXQbCtRHM,False
laCasta,Olibanvm,2026-05-08,"May 8, 2026",May 2026,2026-05-08T00:00:00,"Hardcore, Black Metal",https://heavymetalbest.com/album/lacasta/olibanvm?albumId=VDf8Sq9QR3pAhVCrzf8e,https://firebasestorage.googleapis.com/v0/b/heavy-metal-best.appspot.com/o/albums_img%2Fthumbnails%2FOlibanvm-full-length_1777045864442_200_200.webp?alt=media&token=1aa1a72b-2282-44b1-b283-cad93b51f518,VDf8Sq9QR3pAhVCrzf8e,False
Aghalmar,Ruin,2026-05-08,"May 8, 2026",May 2026,2026-05-08T00:00:00,,https://heavymetalbest.com/album/aghalmar/ruin?albumId=U2ZAnqeEyligNLviQwRp,https://firebasestorage.googleapis.com/v0/b/heavy-metal-best.appspot.com/o/albums_img%2Fthumbnails%2FRuin-full-length_1777045594036_200_200.webp?alt=media&token=0f01018a-7e79-44d0-8cf5-d60391ae1a88,U2ZAnqeEyligNLviQwRp,False
Ascended Master,Crepuscular Gloom,2026-05-08,"May 8, 2026",May 2026,2026-05-08T00:00:00,"Black Metal, Thrash Metal, Death Metal, Thrash, Death",https://heavymetalbest.com/album/ascended-master/crepuscular-gloom?albumId=TJ6gedQyCJy8adkayKqD,https://firebasestorage.googleapis.com/v0/b/heavy-metal-best.appspot.com/o/albums_img%2Fthumbnails%2FCrepuscular-Gloom-full-length_1777045607477_200_200.webp?alt=media&token=49006c6d-04f2-446f-bbfa-39d1509b90a4,TJ6gedQyCJy8adkayKqD,False
Wormlord,Choices,2026-05-08,"May 8, 2026",May 2026,2026-05-08T00:00:00,Death Metal,https://heavymetalbest.com/album/wormlord/choices?albumId=PXo1T6VJea5ftvVhAhE3,https://firebasestorage.googleapis.com/v0/b/heavy-metal-best.appspot.com/o/albums_img%2Fthumbnails%2FChoices-full-length_1776976583593_200_200.webp?alt=media&token=5cb3e5da-72d5-4b7e-aaff-8ddbae44590e,PXo1T6VJea5ftvVhAhE3,False
Frozen Soul,No Place of Warmth,2026-05-08,"May 8, 2026",May 2026,2026-05-08T00:00:00,Death Metal,https://heavymetalbest.com/album/frozen-soul/no-place-of-warmth?albumId=OjKdPlSTSBGxtbrLB57G,https://firebasestorage.googleapis.com/v0/b/heavy-metal-best.appspot.com/o/albums_img%2Fthumbnails%2FNo-Place-of-Warmth-full-length_1776976238545_200_200.webp?alt=media&token=71a22a65-85fa-4ca8-a66a-cc7913949083,OjKdPlSTSBGxtbrLB57G,False
Sense of Fear,Infernal Decay,2026-05-08,"May 8, 2026",May 2026,2026-05-08T00:00:00,Heavy Metal,https://heavymetalbest.com/album/sense-of-fear/infernal-decay?albumId=LazJkYvGgo1IEEzlt2EQ,https://firebasestorage.googleapis.com/v0/b/heavy-metal-best.appspot.com/o/albums_img%2Fthumbnails%2FInfernal-Decay-full-length_1776976496275_200_200.webp?alt=media&token=dba21a9b-fe8d-4f12-b4c8-11e1f9da1436,LazJkYvGgo1IEEzlt2EQ,False
Clairvoyant,Eternal Victory,2026-05-08,"May 8, 2026",May 2026,2026-05-08T00:00:00,,https://heavymetalbest.com/album/clairvoyant/eternal-victory?albumId=HiVTzZgPkzH4zUzLW5js,https://firebasestorage.googleapis.com/v0/b/heavy-metal-best.appspot.com/o/albums_img%2Fthumbnails%2FEternal-Victory-full-length_1777045635782_200_200.webp?alt=media&token=2065c51e-1598-4f63-926f-630a46389064,HiVTzZgPkzH4zUzLW5js,False
Harms,Rebirth of the Cold,2026-05-08,"May 8, 2026",May 2026,2026-05-08T00:00:00,,https://heavymetalbest.com/album/harms/rebirth-of-the-cold?albumId=GbbkUfdjiHcjfv7UCQdb,https://firebasestorage.googleapis.com/v0/b/heavy-metal-best.appspot.com/o/albums_img%2Fthumbnails%2FRebirth-of-the-Cold-full-length_1776976274218_200_200.webp?alt=media&token=5469cac3-0520-40e4-9a9a-13efe0075da5,GbbkUfdjiHcjfv7UCQdb,False
Teramaze,The Silent Architect,2026-05-08,"May 8, 2026",May 2026,2026-05-08T00:00:00,"Progressive Metal, Rock",https://heavymetalbest.com/album/teramaze/the-silent-architect?albumId=FyHckVZnqe0ZRlEualzG,https://firebasestorage.googleapis.com/v0/b/heavy-metal-best.appspot.com/o/albums_img%2Fthumbnails%2FThe-Silent-Architect-full-length_1776976513000_200_200.webp?alt=media&token=b04122a6-69ff-4616-a825-b3f9270dad0d,FyHckVZnqe0ZRlEualzG,False
Rexoria,Fallen Dimension,2026-05-08,"May 8, 2026",May 2026,2026-05-08T00:00:00,"Melodic Heavy, Power Metal",https://heavymetalbest.com/album/rexoria/fallen-dimension?albumId=Euh2JSKgQjRbqWOTGlbN,https://firebasestorage.googleapis.com/v0/b/heavy-metal-best.appspot.com/o/albums_img%2Fthumbnails%2FFallen-Dimension-full-length_1776976370672_200_200.webp?alt=media&token=4f6c688a-456f-4558-8b1a-b4dff898ae88,Euh2JSKgQjRbqWOTGlbN,False
Voidthrone,Dreaming Rat,2026-05-08,"May 8, 2026",May 2026,2026-05-08T00:00:00,"Death Metal, Black, Black Metal",https://heavymetalbest.com/album/voidthrone/dreaming-rat?albumId=Be9icLApNYOa5D2DzyB8,https://firebasestorage.googleapis.com/v0/b/heavy-metal-best.appspot.com/o/albums_img%2Fthumbnails%2FDreaming-Rat-full-length_1776976568723_200_200.webp?alt=media&token=4570607e-3475-4502-bc52-6864132a6ad3,Be9icLApNYOa5D2DzyB8,False
The Quill,Master of the Skies,2026-05-08,"May 8, 2026",May 2026,2026-05-08T00:00:00,"Heavy Metal, Heavy, Stoner Metal",https://heavymetalbest.com/album/the-quill/master-of-the-skies?albumId=B7YCWw9GlCBl2FC16UIF,https://firebasestorage.googleapis.com/v0/b/heavy-metal-best.appspot.com/o/albums_img%2Fthumbnails%2FMaster-of-the-Skies-full-length_1776976541472_200_200.webp?alt=media&token=1c775b9d-40e4-48f6-9d77-814dabba5a76,B7YCWw9GlCBl2FC16UIF,False
Conjuring,Memento Mori,2026-05-08,"May 8, 2026",May 2026,2026-05-08T00:00:00,Black Metal,https://heavymetalbest.com/album/conjuring/memento-mori?albumId=ASTwPL6ShgdXkmf46Blb,https://firebasestorage.googleapis.com/v0/b/heavy-metal-best.appspot.com/o/albums_img%2Fthumbnails%2FMemento-Mori-full-length_1777045678775_200_200.webp?alt=media&token=cd8bff59-68cf-428c-9870-be9157a548bb,ASTwPL6ShgdXkmf46Blb,False
Vile Desolation,Annihilating the Consciousness,2026-05-08,"May 8, 2026",May 2026,2026-05-08T00:00:00,,https://heavymetalbest.com/album/vile-desolation/annihilating-the-consciousness?albumId=9MF7isnh3HrWVWlDNhCX,https://firebasestorage.googleapis.com/v0/b/heavy-metal-best.appspot.com/o/albums_img%2Fthumbnails%2FAnnihilating-the-Consciousness-full-length_1776976549346_200_200.webp?alt=media&token=ccc1f134-a233-4c7b-b53c-a990b19294b4,9MF7isnh3HrWVWlDNhCX,False
Sabotør,Første aksjon,2026-05-08,"May 8, 2026",May 2026,2026-05-08T00:00:00,Heavy Metal,https://heavymetalbest.com/album/sabotør/første-aksjon?albumId=7tnVnH3aCMsjNBAaEUJA,https://firebasestorage.googleapis.com/v0/b/heavy-metal-best.appspot.com/o/albums_img%2Fthumbnails%2FFørste-aksjon-full-length_1776976396892_200_200.webp?alt=media&token=85be40ec-52f4-4753-8855-11fdc24a0811,7tnVnH3aCMsjNBAaEUJA,False
Galibot,Catabase,2026-05-08,"May 8, 2026",May 2026,2026-05-08T00:00:00,Black Metal,https://heavymetalbest.com/album/galibot/catabase?albumId=6OJhUfnGm8gDof7xwR5V,https://firebasestorage.googleapis.com/v0/b/heavy-metal-best.appspot.com/o/albums_img%2Fthumbnails%2FCatabase-full-length_1776976245054_200_200.webp?alt=media&token=3507be31-6131-4eb4-9e48-45078fab31f2,6OJhUfnGm8gDof7xwR5V,False
Old Moon,Home to Nowhere,2026-05-08,"May 8, 2026",May 2026,2026-05-08T00:00:00,,https://heavymetalbest.com/album/old-moon/home-to-nowhere?albumId=6J0lCDhxIwRsdZoNTal8,https://firebasestorage.googleapis.com/v0/b/heavy-metal-best.appspot.com/o/albums_img%2Fthumbnails%2FHome-to-Nowhere-full-length_1776959102840_200_200.webp?alt=media&token=e734cea2-aeee-440e-9222-f463f5642cb0,6J0lCDhxIwRsdZoNTal8,False
A Forest of Stars,Stack Overflow in Corpse Pile Interface,2026-05-08,"May 8, 2026",May 2026,2026-05-08T00:00:00,,https://heavymetalbest.com/album/a-forest-of-stars/stack-overflow-in-corpse-pile-interface?albumId=5CgXxkrI8KqwVLqCGCDH,https://firebasestorage.googleapis.com/v0/b/heavy-metal-best.appspot.com/o/albums_img%2Fthumbnails%2FStack-Overflow-in-Corpse-Pile-Interface-full-length_1776976157189_200_200.webp?alt=media&token=c66c2403-6e0a-443e-94a2-6c5dd1247638,5CgXxkrI8KqwVLqCGCDH,False
Epilog,Digital Afterlife,2026-05-08,"May 8, 2026",May 2026,2026-05-08T00:00:00,"Hard Rock, Heavy Metal",https://heavymetalbest.com/album/epilog/digital-afterlife?albumId=4zoCH1cR5e1Z4hfTQM8w,https://firebasestorage.googleapis.com/v0/b/heavy-metal-best.appspot.com/o/albums_img%2Fthumbnails%2FDigital-Afterlife-full-length_1777045740573_200_200.webp?alt=media&token=bb1f911f-5cd5-40b6-b35c-bcc11221f2b1,4zoCH1cR5e1Z4hfTQM8w,False
Climate of Despair,Crawl Space Detention Center,2026-05-08,"May 8, 2026",May 2026,2026-05-08T00:00:00,Doom Metal,https://heavymetalbest.com/album/climate-of-despair/crawl-space-detention-center?albumId=4Ims2ysl1HijfYqGbFnM,https://firebasestorage.googleapis.com/v0/b/heavy-metal-best.appspot.com/o/albums_img%2Fthumbnails%2FCrawl-Space-Detention-Center-full-length_1777045655241_200_200.webp?alt=media&token=51a8237d-fac4-4398-8c44-23904fb34e84,4Ims2ysl1HijfYqGbFnM,False
Panopticon,Det hjemsøkte hjertet,2026-05-08,"May 8, 2026",May 2026,2026-05-08T00:00:00,,https://heavymetalbest.com/album/panopticon/det-hjemsøkte-hjertet?albumId=3Rhvm6xHVC8x6TREoCfu,https://firebasestorage.googleapis.com/v0/b/heavy-metal-best.appspot.com/o/albums_img%2Fthumbnails%2FDet-hjemsøkte-hjertet-full-length_1777045919815_200_200.webp?alt=media&token=20e3396c-d1fd-45f7-9591-438ae346168b,3Rhvm6xHVC8x6TREoCfu,False
Torian,The Lost Legion Rising,2026-05-08,"May 8, 2026",May 2026,2026-05-08T00:00:00,Power Metal,https://heavymetalbest.com/album/torian/the-lost-legion-rising?albumId=0u1n8PIr0D1ZTVCv3qal,https://firebasestorage.googleapis.com/v0/b/heavy-metal-best.appspot.com/o/albums_img%2Fthumbnails%2FThe-Lost-Legion-Rising-full-length_1777045986893_200_200.webp?alt=media&token=6aff09e4-bccc-4037-9dea-b44b007668b6,0u1n8PIr0D1ZTVCv3qal,False
Eradikated,Wiring of Violence,2026-05-08,"May 8, 2026",May 2026,2026-05-08T00:00:00,Thrash Metal,https://heavymetalbest.com/album/eradikated/wiring-of-violence?albumId=005X7S5F69Nzbnefiohi,https://firebasestorage.googleapis.com/v0/b/heavy-metal-best.appspot.com/o/albums_img%2Fthumbnails%2FWiring-of-Violence-full-length_1776976210114_200_200.webp?alt=media&token=4dad4d15-0b08-415f-8854-e8500da94621,005X7S5F69Nzbnefiohi,False
Abuser,Blood Marks,2026-05-07,"May 7, 2026",May 2026,2026-05-07T00:00:00,Thrash Metal,https://heavymetalbest.com/album/abuser/blood-marks?albumId=r8vLraglnsoG8ePGykjn,https://firebasestorage.googleapis.com/v0/b/heavy-metal-best.appspot.com/o/albums_img%2Fthumbnails%2FBlood-Marks-full-length_1776958818105_200_200.webp?alt=media&token=99a78174-7f27-4258-8caa-0266171bc3fb,r8vLraglnsoG8ePGykjn,False
Extinct,In Conspiracies We Trust,2026-05-07,"May 7, 2026",May 2026,2026-05-07T00:00:00,Thrash Metal,https://heavymetalbest.com/album/extinct/in-conspiracies-we-trust?albumId=qqAYe4l9PZzgd9mfiiTe,https://firebasestorage.googleapis.com/v0/b/heavy-metal-best.appspot.com/o/albums_img%2Fthumbnails%2FIn-Conspiracies-We-Trust-full-length_1776958885299_200_200.webp?alt=media&token=2552a554-14f0-408d-86d8-db7ea01a2633,qqAYe4l9PZzgd9mfiiTe,False
Mandrágora Negra,Gerrero inmortal,2026-05-07,"May 7, 2026",May 2026,2026-05-07T00:00:00,Heavy Metal,https://heavymetalbest.com/album/mandrágora-negra/gerrero-inmortal?albumId=F5hh3wZGPqzpFjSlfKO3,https://firebasestorage.googleapis.com/v0/b/heavy-metal-best.appspot.com/o/albums_img%2Fthumbnails%2FGerrero-inmortal-full-length_1776959026510_200_200.webp?alt=media&token=f829ef49-e82b-4706-a51d-c2fee3bd0b27,F5hh3wZGPqzpFjSlfKO3,False
Prolapsed,Apex of Excruciation,2026-05-07,"May 7, 2026",May 2026,2026-05-07T00:00:00,,https://heavymetalbest.com/album/prolapsed/apex-of-excruciation?albumId=EVT2Rra0LuhHpxauGLcB,https://firebasestorage.googleapis.com/v0/b/heavy-metal-best.appspot.com/o/albums_img%2Fthumbnails%2FApex-of-Excruciation-full-length_1776959124427_200_200.webp?alt=media&token=d76926f2-0f96-4f3b-98fb-4b2df4589c8c,EVT2Rra0LuhHpxauGLcB,False
Mamorlis,Proving Grounds,2026-05-06,"May 6, 2026",May 2026,2026-05-06T00:00:00,Heavy Metal,https://heavymetalbest.com/album/mamorlis/proving-grounds?albumId=VnVyK3toJ4OzTlYvSRJW,https://firebasestorage.googleapis.com/v0/b/heavy-metal-best.appspot.com/o/albums_img%2Fthumbnails%2FProving-Grounds-full-length_1776958996428_200_200.webp?alt=media&token=53fc0c0a-8f0b-4339-b8f3-cf9bfad4139c,VnVyK3toJ4OzTlYvSRJW,False
Grievance,Lúgubres Devaneios De Abismos E Sombras,2026-05-05,"May 5, 2026",May 2026,2026-05-05T00:00:00,Black Metal,https://heavymetalbest.com/album/grievance/lúgubres-devaneios-de-abismos-e-sombras?albumId=dRJ89ne0Hept1YEFfLFx,https://firebasestorage.googleapis.com/v0/b/heavy-metal-best.appspot.com/o/albums_img%2Fthumbnails%2FLúgubres-Devaneios-De-Abismos-E-Sombras-full-length_1776958983681_200_200.webp?alt=media&token=f790ca1d-8938-4bf0-96f8-be78b9a9faee,dRJ89ne0Hept1YEFfLFx,False
Pawitra,Pratidhi/Kontemplasi,2026-05-05,"May 5, 2026",May 2026,2026-05-05T00:00:00,,https://heavymetalbest.com/album/pawitra/pratidhi/kontemplasi?albumId=Lm4N4oqFNZK8uoEcdaJB,https://firebasestorage.googleapis.com/v0/b/heavy-metal-best.appspot.com/o/albums_img%2Fthumbnails%2FPratidhiKontemplasi-full-length_1776959110980_200_200.webp?alt=media&token=e22f2f6c-8f5b-4022-9439-2a076322e0dd,Lm4N4oqFNZK8uoEcdaJB,False
Möhrkvlth,Gwenojennoù an ankounac'h,2026-05-05,"May 5, 2026",May 2026,2026-05-05T00:00:00,Black Metal,https://heavymetalbest.com/album/möhrkvlth/gwenojennoù-an-ankounac'h?albumId=DdvhjkJktLhC1EecFjnE,https://firebasestorage.googleapis.com/v0/b/heavy-metal-best.appspot.com/o/albums_img%2Fthumbnails%2FGwenojennoù-an-ankounac'h-full-length_1776959090992_200_200.webp?alt=media&token=b732560b-6d5e-4987-97a2-b311a0b3b15b,DdvhjkJktLhC1EecFjnE,False
Sins of Shadows,The Last Frontier,2026-05-05,"May 5, 2026",May 2026,2026-05-05T00:00:00,"Groove Metal, Heavy, Power Metal, Heavy Metal, Power",https://heavymetalbest.com/album/sins-of-shadows/the-last-frontier?albumId=15Ng23IFEjeh4ovQybMA,https://firebasestorage.googleapis.com/v0/b/heavy-metal-best.appspot.com/o/albums_img%2Fthumbnails%2FThe-Last-Frontier-full-length_1776959131252_200_200.webp?alt=media&token=092cf577-0935-4295-b71c-8c3ab9f717d7,15Ng23IFEjeh4ovQybMA,False
The Last Knell,Præterhuman II: Apokathistemi,2026-05-03,"May 3, 2026",May 2026,2026-05-03T00:00:00,Black Metal,https://heavymetalbest.com/album/the-last-knell/præterhuman-ii:-apokathistemi?albumId=iSUb9IGxPHycRzZRrHCT,https://firebasestorage.googleapis.com/v0/b/heavy-metal-best.appspot.com/o/albums_img%2Fthumbnails%2FPræterhuman-II-Apokathistemi-full-length_1773930960915_200_200.webp?alt=media&token=345aa219-f1c4-4b3a-b3a6-e70f725d8452,iSUb9IGxPHycRzZRrHCT,False
Geoff Tate,Operation: Mindcrime III,2026-05-03,"May 3, 2026",May 2026,2026-05-03T00:00:00,,https://heavymetalbest.com/album/geoff-tate/operation:-mindcrime-iii?albumId=IBLGHWOB5rddY5XbYduA,https://firebasestorage.googleapis.com/v0/b/heavy-metal-best.appspot.com/o/albums_img%2Fthumbnails%2FOperation-Mindcrime-III-full-length_1776958927199_200_200.webp?alt=media&token=a5c42b59-47d3-4ccc-953d-d3470dbc7903,IBLGHWOB5rddY5XbYduA,False
Brüle,Beltane,2026-05-01,"May 1, 2026",May 2026,2026-05-01T00:00:00,"Stoner, Doom Metal",https://heavymetalbest.com/album/brüle/beltane?albumId=zZuDH4ubjGEb6G5VQ6SM,https://firebasestorage.googleapis.com/v0/b/heavy-metal-best.appspot.com/o/albums_img%2Fthumbnails%2FBeltane-full-length_1776340821977_200_200.webp?alt=media&token=f42a377c-f20c-4d54-b912-19309a830c2b,zZuDH4ubjGEb6G5VQ6SM,False
Eveale,Enter the Woodland Realm,2026-05-01,"May 1, 2026",May 2026,2026-05-01T00:00:00,Black Metal,https://heavymetalbest.com/album/eveale/enter-the-woodland-realm?albumId=xaaECWeefSnh2K23Ydpq,https://firebasestorage.googleapis.com/v0/b/heavy-metal-best.appspot.com/o/albums_img%2Fthumbnails%2FEnter-the-Woodland-Realm-full-length_1776340884552_200_200.webp?alt=media&token=205de650-d518-48f1-a82b-e3eaf47867b0,xaaECWeefSnh2K23Ydpq,False
16,Forgeries Volume 1: 1972 - 1984,2026-05-01,"May 1, 2026",May 2026,2026-05-01T00:00:00,,https://heavymetalbest.com/album/16/forgeries-volume-1:-1972---1984?albumId=xKYn4V1fKOJLnuRSC2YY,https://firebasestorage.googleapis.com/v0/b/heavy-metal-best.appspot.com/o/albums_img%2Fthumbnails%2FForgeries-Volume-1-1972---1984-full-length_1776280025369_200_200.webp?alt=media&token=24cc4c1a-5fb6-4de2-b5d0-8256e33a36ce,xKYn4V1fKOJLnuRSC2YY,False
Necropia,Our Kingdom Befouled,2026-05-01,"May 1, 2026",May 2026,2026-05-01T00:00:00,,https://heavymetalbest.com/album/necropia/our-kingdom-befouled?albumId=wtzdmFeAzvHlGO0OlnU7,https://firebasestorage.googleapis.com/v0/b/heavy-metal-best.appspot.com/o/albums_img%2Fthumbnails%2FOur-Kingdom-Befouled-full-length_1776341005360_200_200.webp?alt=media&token=7c763c6f-88d4-41d5-bd88-577fcde45098,wtzdmFeAzvHlGO0OlnU7,False
Manøver,Insurrection,2026-05-01,"May 1, 2026",May 2026,2026-05-01T00:00:00,"Death Metal, Crust, Sludge Metal, Death",https://heavymetalbest.com/album/manøver/insurrection?albumId=o9Pyglx8A2V9evAiqIRJ,https://firebasestorage.googleapis.com/v0/b/heavy-metal-best.appspot.com/o/albums_img%2Fthumbnails%2FInsurrection-full-length_1776340973481_200_200.webp?alt=media&token=ac0468a0-cfe1-4c1d-9ca4-044269be6a6a,o9Pyglx8A2V9evAiqIRJ,False
Fyrdsman,The Free Man,2026-05-01,"May 1, 2026",May 2026,2026-05-01T00:00:00,Black Metal,https://heavymetalbest.com/album/fyrdsman/the-free-man?albumId=nIkNmyqP7E1aTjxPZV5L,https://firebasestorage.googleapis.com/v0/b/heavy-metal-best.appspot.com/o/albums_img%2Fthumbnails%2FThe-Free-Man-full-length_1776340899377_200_200.webp?alt=media&token=cbb27f64-370f-4f0b-ae9a-8d95f5817871,nIkNmyqP7E1aTjxPZV5L,False
Malconstruct,Entanglement,2026-05-01,"May 1, 2026",May 2026,2026-05-01T00:00:00,,https://heavymetalbest.com/album/malconstruct/entanglement?albumId=lXle6LYmXG6DDX4acKOh,https://firebasestorage.googleapis.com/v0/b/heavy-metal-best.appspot.com/o/albums_img%2Fthumbnails%2FEntanglement-full-length_1776280199558_200_200.webp?alt=media&token=f6c3e13a-38f9-4096-8d37-2d3cfa34b527,lXle6LYmXG6DDX4acKOh,False
Acharniae,Scornful Liberation,2026-05-01,"May 1, 2026",May 2026,2026-05-01T00:00:00,Black Metal,https://heavymetalbest.com/album/acharniae/scornful-liberation?albumId=kqTgL6je4gpZtJvkrTyR,https://firebasestorage.googleapis.com/v0/b/heavy-metal-best.appspot.com/o/albums_img%2Fthumbnails%2FScornful-Liberation-full-length_1776958866855_200_200.webp?alt=media&token=87fb6fae-4dac-46e3-8783-ebdd7d895741,kqTgL6je4gpZtJvkrTyR,False
Wandar,Tiefe Erde,2026-05-01,"May 1, 2026",May 2026,2026-05-01T00:00:00,Black Metal,https://heavymetalbest.com/album/wandar/tiefe-erde?albumId=gyl63nBLFvA6Dprzwgp6,https://firebasestorage.googleapis.com/v0/b/heavy-metal-best.appspot.com/o/albums_img%2Fthumbnails%2FTiefe-Erde-full-length_1776343738307_200_200.webp?alt=media&token=b67db6ec-8c1d-4c54-b462-0a36cf341660,gyl63nBLFvA6Dprzwgp6,False
Cage Fight,Exuvia,2026-05-01,"May 1, 2026",May 2026,2026-05-01T00:00:00,"Metalcore, Thrash Metal",https://heavymetalbest.com/album/cage-fight/exuvia?albumId=g3WOGThF66Q8qgqiIUyy,https://firebasestorage.googleapis.com/v0/b/heavy-metal-best.appspot.com/o/albums%2FExuvia-full-length_1776343973912.jpg?alt=media&token=17f6f8e2-b2ee-4175-a074-08f01628534c,g3WOGThF66Q8qgqiIUyy,False
Torver,Witching Hour,2026-05-01,"May 1, 2026",May 2026,2026-05-01T00:00:00,Black Metal,https://heavymetalbest.com/album/torver/witching-hour?albumId=evJOqOMfGp7ZfyEwSp7O,https://firebasestorage.googleapis.com/v0/b/heavy-metal-best.appspot.com/o/albums_img%2Fthumbnails%2FWitching-Hour-full-length_1776341137257_200_200.webp?alt=media&token=24004c41-d3ee-4108-bb01-4b9e840f630a,evJOqOMfGp7ZfyEwSp7O,False
Lair of the Minotaur,I Hail I,2026-05-01,"May 1, 2026",May 2026,2026-05-01T00:00:00,"Sludge Metal, Thrash Metal, Doom, Thrash, Doom Metal",https://heavymetalbest.com/album/lair-of-the-minotaur/i-hail-i?albumId=dnLj8BGrgySkxVOARdaG,https://firebasestorage.googleapis.com/v0/b/heavy-metal-best.appspot.com/o/albums_img%2Fthumbnails%2FI-Hail-I-full-length_1776343236836_200_200.webp?alt=media&token=f2ab37e5-04b5-41af-bd0f-678e42b8f6fa,dnLj8BGrgySkxVOARdaG,False
Cognizance,"In Light, No Shape",2026-05-01,"May 1, 2026",May 2026,2026-05-01T00:00:00,,"https://heavymetalbest.com/album/cognizance/in-light,-no-shape?albumId=cUY3V7LIYMmFea6i8S4a","https://firebasestorage.googleapis.com/v0/b/heavy-metal-best.appspot.com/o/albums_img%2Fthumbnails%2FIn-Light,-No-Shape-full-length_1776280042100_200_200.webp?alt=media&token=c41f544d-fdec-4dbb-9b8c-3d7f2aa06afd",cUY3V7LIYMmFea6i8S4a,False
Furnace Floor,Ceremonial Passage Through Fire,2026-05-01,"May 1, 2026",May 2026,2026-05-01T00:00:00,,https://heavymetalbest.com/album/furnace-floor/ceremonial-passage-through-fire?albumId=bNRUdbD8DCsUZZiZyQhC,https://firebasestorage.googleapis.com/v0/b/heavy-metal-best.appspot.com/o/albums_img%2Fthumbnails%2FCeremonial-Passage-Through-Fire-full-length_1776958898811_200_200.webp?alt=media&token=f83a50fe-d75d-416b-83b1-c9f09537d2b5,bNRUdbD8DCsUZZiZyQhC,False
Vansind,Hævnen,2026-05-01,"May 1, 2026",May 2026,2026-05-01T00:00:00,,https://heavymetalbest.com/album/vansind/hævnen?albumId=URtlwr2vXIGN220YZZ3d,https://firebasestorage.googleapis.com/v0/b/heavy-metal-best.appspot.com/o/albums_img%2Fthumbnails%2FHævnen-full-length_1776280229444_200_200.webp?alt=media&token=6b121b4d-ce38-45af-943c-933c2196d16f,URtlwr2vXIGN220YZZ3d,False
In Malice's Wake,The Profound Darkness,2026-05-01,"May 1, 2026",May 2026,2026-05-01T00:00:00,Thrash Metal,https://heavymetalbest.com/album/in-malice's-wake/the-profound-darkness?albumId=T6sROlv6wwEGmEjIDMCG,https://firebasestorage.googleapis.com/v0/b/heavy-metal-best.appspot.com/o/albums_img%2Fthumbnails%2FThe-Profound-Darkness-full-length_1776280128978_200_200.webp?alt=media&token=a1e6847d-df65-4be2-85bd-f32dfc96dd0e,T6sROlv6wwEGmEjIDMCG,False
Ysbrydnos,Welsh Mythical Darkness,2026-05-01,"May 1, 2026",May 2026,2026-05-01T00:00:00,"Dungeon Synth, Black Metal",https://heavymetalbest.com/album/ysbrydnos/welsh-mythical-darkness?albumId=QVpv5ATqWsDzMa5AUT7Z,https://firebasestorage.googleapis.com/v0/b/heavy-metal-best.appspot.com/o/albums_img%2Fthumbnails%2FWelsh-Mythical-Darkness-full-length_1776280235009_200_200.webp?alt=media&token=30f900a0-5ae7-4dbf-9b67-538b02f5a8c4,QVpv5ATqWsDzMa5AUT7Z,False
Stygian Mind,The Fear Machine,2026-05-01,"May 1, 2026",May 2026,2026-05-01T00:00:00,Heavy Metal,https://heavymetalbest.com/album/stygian-mind/the-fear-machine?albumId=OT9Ghu0N9ioDALQ6a9CK,https://firebasestorage.googleapis.com/v0/b/heavy-metal-best.appspot.com/o/albums_img%2Fthumbnails%2FThe-Fear-Machine-full-length_1776959140212_200_200.webp?alt=media&token=1103170d-a46a-4cf3-adb8-45de5add64c4,OT9Ghu0N9ioDALQ6a9CK,False
Malorshiga,Vento,2026-05-01,"May 1, 2026",May 2026,2026-05-01T00:00:00,"Death Metal, Black, Black Metal",https://heavymetalbest.com/album/malorshiga/vento?albumId=NUZh75F5ATtefCl3TcGc,https://firebasestorage.googleapis.com/v0/b/heavy-metal-best.appspot.com/o/albums_img%2Fthumbnails%2FVento-full-length_1776340950155_200_200.webp?alt=media&token=95adbe90-7270-432d-b4f1-b78fd501c742,NUZh75F5ATtefCl3TcGc,False
Spell,Wretched Heart,2026-05-01,"May 1, 2026",May 2026,2026-05-01T00:00:00,"Hard Rock, Heavy Metal",https://heavymetalbest.com/album/spell/wretched-heart?albumId=MfVBjkUtMYOQeEt9cH2u,https://firebasestorage.googleapis.com/v0/b/heavy-metal-best.appspot.com/o/albums_img%2Fthumbnails%2FWretched-Heart-full-length_1776341104292_200_200.webp?alt=media&token=2510ffd0-bb66-4e5d-9f43-5191be26925f,MfVBjkUtMYOQeEt9cH2u,False
Cobra Force,Cobra Force,2026-05-01,"May 1, 2026",May 2026,2026-05-01T00:00:00,Heavy Metal,https://heavymetalbest.com/album/cobra-force/cobra-force?albumId=J1IoAy4huAgjpzrQqOq4,https://firebasestorage.googleapis.com/v0/b/heavy-metal-best.appspot.com/o/albums_img%2Fthumbnails%2FCobra-Force-full-length_1776958877866_200_200.webp?alt=media&token=50ea4433-50f9-4a97-a555-dfd799d44e77,J1IoAy4huAgjpzrQqOq4,False
Mad Butcher,Flesh & Blood - The 88 Unreleased Album,2026-05-01,"May 1, 2026",May 2026,2026-05-01T00:00:00,"Heavy Metal, Speed Metal, Heavy",https://heavymetalbest.com/album/mad-butcher/flesh-&-blood---the-88-unreleased-album?albumId=GBrusm2XGvoU4utmvlp5,https://firebasestorage.googleapis.com/v0/b/heavy-metal-best.appspot.com/o/albums_img%2Fthumbnails%2FFlesh-&-Blood---The-88-Unreleased-Album-full-length_1776280164454_200_200.webp?alt=media&token=108a1aa3-c269-4b31-8d3a-3d47c1f7ba68,GBrusm2XGvoU4utmvlp5,False
Creeping Flesh,God's Acres Rife with Flesh Adorned,2026-05-01,"May 1, 2026",May 2026,2026-05-01T00:00:00,Death Metal,https://heavymetalbest.com/album/creeping-flesh/god's-acres-rife-with-flesh-adorned?albumId=Fscz9xfqT5qg1J5BjfxC,https://firebasestorage.googleapis.com/v0/b/heavy-metal-best.appspot.com/o/albums_img%2Fthumbnails%2FGod's-Acres-Rife-with-Flesh-Adorned-full-length_1776340858695_200_200.webp?alt=media&token=380fc5d7-d738-497a-9618-27c3071598ef,Fscz9xfqT5qg1J5BjfxC,False
Kingsmash,The Heart Remains at Home,2026-05-01,"May 1, 2026",May 2026,2026-05-01T00:00:00,"Hard Rock, Heavy Metal",https://heavymetalbest.com/album/kingsmash/the-heart-remains-at-home?albumId=Diesqt1Zjo2JksqaRKAW,https://firebasestorage.googleapis.com/v0/b/heavy-metal-best.appspot.com/o/albums_img%2Fthumbnails%2FThe-Heart-Remains-at-Home-full-length_1776340930972_200_200.webp?alt=media&token=e89787ac-da6f-4734-990d-c695c6f660cf,Diesqt1Zjo2JksqaRKAW,False
Some Pills for Ayala,Incarnate,2026-05-01,"May 1, 2026",May 2026,2026-05-01T00:00:00,,https://heavymetalbest.com/album/some-pills-for-ayala/incarnate?albumId=9PgpDIlLfiKjebkzqXeS,https://firebasestorage.googleapis.com/v0/b/heavy-metal-best.appspot.com/o/albums_img%2Fthumbnails%2FIncarnate-full-length_1776341072062_200_200.webp?alt=media&token=5de08018-20a7-48a4-b490-63787641c8f1,9PgpDIlLfiKjebkzqXeS,False
Crimson Steel,Show No Fear,2026-05-01,"May 1, 2026",May 2026,2026-05-01T00:00:00,"Hard Rock, Heavy Metal",https://heavymetalbest.com/album/crimson-steel/show-no-fear?albumId=8osy68YmY9APNOSnLHVV,https://firebasestorage.googleapis.com/v0/b/heavy-metal-best.appspot.com/o/albums_img%2Fthumbnails%2FShow-No-Fear-full-length_1776340869939_200_200.webp?alt=media&token=5fc3940c-fd4b-4f79-89a2-3e9256346740,8osy68YmY9APNOSnLHVV,False
Jesus Crustus,El Crustadore,2026-05-01,"May 1, 2026",May 2026,2026-05-01T00:00:00,"Death Metal, Sludge Metal, Death",https://heavymetalbest.com/album/jesus-crustus/el-crustadore?albumId=3Hu3XGUAcu7t9RGJka3d,https://firebasestorage.googleapis.com/v0/b/heavy-metal-best.appspot.com/o/albums_img%2Fthumbnails%2FEl-Crustadore-full-length_1776340916783_200_200.webp?alt=media&token=7780887c-292c-41c9-9946-61f16f5f5c4a,3Hu3XGUAcu7t9RGJka3d,False
Devenial Verdict,Old Blood - Fresh Wounds,2026-05-01,"May 1, 2026",May 2026,2026-05-01T00:00:00,"Death Metal, Avant-garde Death Metal",https://heavymetalbest.com/album/devenial-verdict/old-blood---fresh-wounds?albumId=215wB17SVImeaImnRis2,https://firebasestorage.googleapis.com/v0/b/heavy-metal-best.appspot.com/o/albums_img%2Fthumbnails%2FOld-Blood---Fresh-Wounds-full-length_1776280082265_200_200.webp?alt=media&token=f6d0cd46-0081-4ed5-974c-196ab642f12f,215wB17SVImeaImnRis2,False
Ashen Horde,The Harvest,2026-05-01,"May 1, 2026",May 2026,2026-05-01T00:00:00,,https://heavymetalbest.com/album/ashen-horde/the-harvest?albumId=15yBpxjUhkKHrVAbxTzV,https://firebasestorage.googleapis.com/v0/b/heavy-metal-best.appspot.com/o/albums_img%2Fthumbnails%2FThe-Harvest-full-length_1776340775770_200_200.webp?alt=media&token=4100376d-f631-4440-ae82-dba5b992ae84,15yBpxjUhkKHrVAbxTzV,False
The Archest,Hymnus Regni Mortuorum,2026-04-30,"April 30, 2026",April 2026,2026-04-30T00:00:00,"Gothic, Doom Metal",https://heavymetalbest.com/album/the-archest/hymnus-regni-mortuorum?albumId=mwwdxRAimBa8ZjFQRw1R,https://firebasestorage.googleapis.com/v0/b/heavy-metal-best.appspot.com/o/albums_img%2Fthumbnails%2FHymnus-Regni-Mortuorum-full-length_1776271374636_200_200.webp?alt=media&token=01cec42e-e3da-4ad3-873d-87377c2012b6,mwwdxRAimBa8ZjFQRw1R,False
Atronos,Gram,2026-04-30,"April 30, 2026",April 2026,2026-04-30T00:00:00,Black Metal,https://heavymetalbest.com/album/atronos/gram?albumId=IoaOMm2o750l7Pot1YN4,https://firebasestorage.googleapis.com/v0/b/heavy-metal-best.appspot.com/o/albums_img%2Fthumbnails%2FGram-full-length_1776271097386_200_200.webp?alt=media&token=3bb6f153-63f5-4d81-bff6-ffc72c834a65,IoaOMm2o750l7Pot1YN4,False
Hajduk,Хвърковата чета,2026-04-30,"April 30, 2026",April 2026,2026-04-30T00:00:00,Black Metal,https://heavymetalbest.com/album/hajduk/хвърковата-чета?albumId=C66sVNaxBZKozUcoDiAo,https://firebasestorage.googleapis.com/v0/b/heavy-metal-best.appspot.com/o/albums_img%2Fthumbnails%2FХвърковата-чета-full-length_1776271228277_200_200.webp?alt=media&token=85fd5cc0-4a62-4ea6-b26b-bd973e58a37f,C66sVNaxBZKozUcoDiAo,False
Grond,The Temple,2026-04-30,"April 30, 2026",April 2026,2026-04-30T00:00:00,Death Metal,https://heavymetalbest.com/album/grond/the-temple?albumId=9cXXVAEwAfqG5glG4uax,https://firebasestorage.googleapis.com/v0/b/heavy-metal-best.appspot.com/o/albums_img%2Fthumbnails%2FThe-Temple-full-length_1776271207272_200_200.webp?alt=media&token=69642d41-ed00-47e2-86ef-41374e61e1ca,9cXXVAEwAfqG5glG4uax,False
Sorcières,La nuit des temps,2026-04-30,"April 30, 2026",April 2026,2026-04-30T00:00:00,"Folk Metal, Black, Black Metal",https://heavymetalbest.com/album/sorcières/la-nuit-des-temps?albumId=8EjcRRbtw7z5MJubgURW,https://firebasestorage.googleapis.com/v0/b/heavy-metal-best.appspot.com/o/albums_img%2Fthumbnails%2FLa-nuit-des-temps-full-length_1776271356427_200_200.webp?alt=media&token=d5f627b2-c113-465c-962c-43b5c76bca54,8EjcRRbtw7z5MJubgURW,False
Metall,Chasing the Truth,2026-04-30,"April 30, 2026",April 2026,2026-04-30T00:00:00,"Heavy Metal, Heavy, Power Metal",https://heavymetalbest.com/album/metall/chasing-the-truth?albumId=5ETHDQFEhmbNMpA4qJz7,https://firebasestorage.googleapis.com/v0/b/heavy-metal-best.appspot.com/o/albums_img%2Fthumbnails%2FChasing-the-Truth-full-length_1776280219848_200_200.webp?alt=media&token=ca358612-d961-42eb-a57b-db717fac35bc,5ETHDQFEhmbNMpA4qJz7,False
Oldowan Gash,1000 Dreams of War,2026-04-30,"April 30, 2026",April 2026,2026-04-30T00:00:00,Black Metal,https://heavymetalbest.com/album/oldowan-gash/1000-dreams-of-war?albumId=4L2MFI2zE3aVKgC5zLJc,https://firebasestorage.googleapis.com/v0/b/heavy-metal-best.appspot.com/o/albums_img%2Fthumbnails%2F1000-Dreams-of-War-full-length_1776271299442_200_200.webp?alt=media&token=1b76ee4e-c4c8-4a90-8457-7cf16055d849,4L2MFI2zE3aVKgC5zLJc,False
Æonik,The Roamer of Heaven and Hell,2026-04-30,"April 30, 2026",April 2026,2026-04-30T00:00:00,"Death Metal, Melodic Black",https://heavymetalbest.com/album/æonik/the-roamer-of-heaven-and-hell?albumId=3zCituZVRrffE9ilW1mz,https://firebasestorage.googleapis.com/v0/b/heavy-metal-best.appspot.com/o/albums_img%2Fthumbnails%2FThe-Roamer-of-Heaven-and-Hell-full-length_1776271403456_200_200.webp?alt=media&token=c0c18e6b-1c75-4cfc-b6c1-1667cbc150df,3zCituZVRrffE9ilW1mz,False
Orbis Daemonium,Onirógrafo,2026-04-29,"April 29, 2026",April 2026,2026-04-29T00:00:00,Black Metal,https://heavymetalbest.com/album/orbis-daemonium/onirógrafo?albumId=YVDVrd9ehNCTmVfeeYNX,https://firebasestorage.googleapis.com/v0/b/heavy-metal-best.appspot.com/o/albums_img%2Fthumbnails%2FOnirógrafo-full-length_1776271313688_200_200.webp?alt=media&token=909d2d57-f42a-4073-82b7-1e12383acb23,YVDVrd9ehNCTmVfeeYNX,False
Dysemblem,Buried by the Weight of Light,2026-04-27,"April 27, 2026",April 2026,2026-04-27T00:00:00,Death Metal,https://heavymetalbest.com/album/dysemblem/buried-by-the-weight-of-light?albumId=TXHEjWybtArHcHTw7f6K,https://firebasestorage.googleapis.com/v0/b/heavy-metal-best.appspot.com/o/albums_img%2Fthumbnails%2FBuried-by-the-Weight-of-Light-full-length_1776271158492_200_200.webp?alt=media&token=376a75e1-8f80-496c-b9c0-e471e3ef8972,TXHEjWybtArHcHTw7f6K,False
Hrob,Brána chladu,2026-04-27,"April 27, 2026",April 2026,2026-04-27T00:00:00,"Death Metal, Doom Metal, Death",https://heavymetalbest.com/album/hrob/brána-chladu?albumId=Gem0Ra2H0eatse6EF7qD,https://firebasestorage.googleapis.com/v0/b/heavy-metal-best.appspot.com/o/albums_img%2Fthumbnails%2FBrána-chladu-full-length_1776271235805_200_200.webp?alt=media&token=577cef50-06ca-4cce-9eda-611f0ba71d17,Gem0Ra2H0eatse6EF7qD,False
Candarian,Trepanacion,2026-04-27,"April 27, 2026",April 2026,2026-04-27T00:00:00,Death Metal,https://heavymetalbest.com/album/candarian/trepanacion?albumId=6KgcIA0QagQR7BrLY5Vt,https://firebasestorage.googleapis.com/v0/b/heavy-metal-best.appspot.com/o/albums_img%2Fthumbnails%2FTrepanacion-full-length_1776271113654_200_200.webp?alt=media&token=3bd0c4cb-5002-40c9-a00f-2c2d51b4e6dc,6KgcIA0QagQR7BrLY5Vt,False
DGS,Delusional Grasp of Sanity,2026-04-26,"April 26, 2026",April 2026,2026-04-26T00:00:00,"Death Metal, Grindcore",https://heavymetalbest.com/album/dgs/delusional-grasp-of-sanity?albumId=hPD0l1bFIRr1h8Eg4maZ,https://firebasestorage.googleapis.com/v0/b/heavy-metal-best.appspot.com/o/albums_img%2Fthumbnails%2FDelusional-Grasp-of-Sanity-full-length_1776271125177_200_200.webp?alt=media&token=3b4e6777-595c-451a-a16a-9785cd3ec2da,hPD0l1bFIRr1h8Eg4maZ,False
Eternal Dark,Cugetări,2026-04-25,"April 25, 2026",April 2026,2026-04-25T00:00:00,,https://heavymetalbest.com/album/eternal-dark/cugetări?albumId=7x7kdZ4BzmxBuJiNn8Yh,https://firebasestorage.googleapis.com/v0/b/heavy-metal-best.appspot.com/o/albums_img%2Fthumbnails%2FCugetări-full-length_1776271171536_200_200.webp?alt=media&token=87be2610-85ca-453e-a4e6-97362c308110,7x7kdZ4BzmxBuJiNn8Yh,False
Oscura Metrica,Obnubilatio Psychasthenica,2026-04-25,"April 25, 2026",April 2026,2026-04-25T00:00:00,Black Metal,https://heavymetalbest.com/album/oscura-metrica/obnubilatio-psychasthenica?albumId=3y0wc4DcSBkmetsf3CCi,https://firebasestorage.googleapis.com/v0/b/heavy-metal-best.appspot.com/o/albums_img%2Fthumbnails%2FObnubilatio-Psychasthenica-full-length_1776271326948_200_200.webp?alt=media&token=f8e2bdcf-8658-429f-aa92-04b3bcf89e72,3y0wc4DcSBkmetsf3CCi,False
The Order,Empires,2026-04-24,"April 24, 2026",April 2026,2026-04-24T00:00:00,,https://heavymetalbest.com/album/the-order/empires?albumId=yYEEgPOfgVMUwEPHVzwq,https://firebasestorage.googleapis.com/v0/b/heavy-metal-best.appspot.com/o/albums_img%2Fthumbnails%2FEmpires-full-length_1775840690063_200_200.webp?alt=media&token=553afb65-09ab-4f56-8901-2926a2336b6a,yYEEgPOfgVMUwEPHVzwq,False
Xorsist,Aberrations,2026-04-24,"April 24, 2026",April 2026,2026-04-24T00:00:00,Death Metal,https://heavymetalbest.com/album/xorsist/aberrations?albumId=vbGRQnZrKDZoLG7CxurU,https://firebasestorage.googleapis.com/v0/b/heavy-metal-best.appspot.com/o/albums_img%2Fthumbnails%2FAberrations-full-length_1775765865163_200_200.webp?alt=media&token=1d443c84-d19c-444e-b618-726d40d3396b,vbGRQnZrKDZoLG7CxurU,False
Undercroft,The Killer Sword,2026-04-24,"April 24, 2026",April 2026,2026-04-24T00:00:00,"Death Metal, Thrash Metal, Death",https://heavymetalbest.com/album/undercroft/the-killer-sword?albumId=uYS9z33kbTmKw7TFFAQC,https://firebasestorage.googleapis.com/v0/b/heavy-metal-best.appspot.com/o/albums_img%2Fthumbnails%2FThe-Killer-Sword-full-length_1775833791618_200_200.webp?alt=media&token=0e0538d2-4689-42c4-ab02-374bc6ba5a64,uYS9z33kbTmKw7TFFAQC,False
Blood Countess,Imperatrix Sanguinis,2026-04-24,"April 24, 2026",April 2026,2026-04-24T00:00:00,Black Metal,https://heavymetalbest.com/album/blood-countess/imperatrix-sanguinis?albumId=tgjY7j4SV6KONBpgzMf6,https://firebasestorage.googleapis.com/v0/b/heavy-metal-best.appspot.com/o/albums_img%2Fthumbnails%2FImperatrix-Sanguinis-full-length_1775832812895_200_200.webp?alt=media&token=32df9a9a-0b23-4962-9d37-91108128d383,tgjY7j4SV6KONBpgzMf6,False
Gus G.,Steel Burner,2026-04-24,"April 24, 2026",April 2026,2026-04-24T00:00:00,"Hard Rock, Shred, Heavy Metal",https://heavymetalbest.com/album/gus-g./steel-burner?albumId=tJo1wE1Nt570vZIyflvl,https://firebasestorage.googleapis.com/v0/b/heavy-metal-best.appspot.com/o/albums_img%2Fthumbnails%2FSteel-Burner-full-length_1775840452543_200_200.webp?alt=media&token=6bee4893-eacc-4346-a3a8-b15674a4d770,tJo1wE1Nt570vZIyflvl,False
Creye,IV Aftermath,2026-04-24,"April 24, 2026",April 2026,2026-04-24T00:00:00,,https://heavymetalbest.com/album/creye/iv-aftermath?albumId=t8x1oYKVDlmajDgVih8W,https://firebasestorage.googleapis.com/v0/b/heavy-metal-best.appspot.com/o/albums%2FIV-Aftermath-full-length_1775843394220.jpg?alt=media&token=6dcd5a64-1e2c-4c3f-9637-1f29e3915660,t8x1oYKVDlmajDgVih8W,False
Bringers of Disease,Sulphur,2026-04-24,"April 24, 2026",April 2026,2026-04-24T00:00:00,Black Metal,https://heavymetalbest.com/album/bringers-of-disease/sulphur?albumId=slpURDrArLswOOlVtZBB,https://firebasestorage.googleapis.com/v0/b/heavy-metal-best.appspot.com/o/albums_img%2Fthumbnails%2FSulphur-full-length_1775832818590_200_200.webp?alt=media&token=9c8706d8-f367-449f-9488-4fe33fecdc88,slpURDrArLswOOlVtZBB,False
Cnoc an Tursa,A Cry for the Slain,2026-04-24,"April 24, 2026",April 2026,2026-04-24T00:00:00,"Folk Metal, Black, Black Metal",https://heavymetalbest.com/album/cnoc-an-tursa/a-cry-for-the-slain?albumId=sb5H0XlJI4mkPsav2kqR,https://firebasestorage.googleapis.com/v0/b/heavy-metal-best.appspot.com/o/albums_img%2Fthumbnails%2FA-Cry-for-the-Slain-full-length_1775765740437_200_200.webp?alt=media&token=d1e43439-dcf0-495c-b211-93eb0d2289d3,sb5H0XlJI4mkPsav2kqR,False
Poignard,Riposte,2026-04-24,"April 24, 2026",April 2026,2026-04-24T00:00:00,"Punk, Heavy Metal",https://heavymetalbest.com/album/poignard/riposte?albumId=rBdsznIMyhPLk0Fu14sW,https://firebasestorage.googleapis.com/v0/b/heavy-metal-best.appspot.com/o/albums_img%2Fthumbnails%2FRiposte-full-length_1775840493331_200_200.webp?alt=media&token=3c12035f-acae-4561-9432-465244794643,rBdsznIMyhPLk0Fu14sW,False
Grief Collector,The Death of All Dreams,2026-04-24,"April 24, 2026",April 2026,2026-04-24T00:00:00,Doom Metal,https://heavymetalbest.com/album/grief-collector/the-death-of-all-dreams?albumId=qgZwYZm8wEMDofgTERDH,https://firebasestorage.googleapis.com/v0/b/heavy-metal-best.appspot.com/o/albums_img%2Fthumbnails%2FThe-Death-of-All-Dreams-full-length_1775840398003_200_200.webp?alt=media&token=1a6e29bf-2647-4d70-b068-8825f68939b6,qgZwYZm8wEMDofgTERDH,False
Konquest,Dark Waters,2026-04-24,"April 24, 2026",April 2026,2026-04-24T00:00:00,Heavy Metal,https://heavymetalbest.com/album/konquest/dark-waters?albumId=nNEAu8K7oAZoErO8Pkc3,https://firebasestorage.googleapis.com/v0/b/heavy-metal-best.appspot.com/o/albums_img%2Fthumbnails%2FDark-Waters-full-length_1775840472378_200_200.webp?alt=media&token=ae28fabd-bf72-4671-be42-1d9e8c100b5a,nNEAu8K7oAZoErO8Pkc3,False
Scimitar,Scimitarium II,2026-04-24,"April 24, 2026",April 2026,2026-04-24T00:00:00,,https://heavymetalbest.com/album/scimitar/scimitarium-ii?albumId=mq3NfCIqs3O5hwD4ejhV,https://firebasestorage.googleapis.com/v0/b/heavy-metal-best.appspot.com/o/albums_img%2Fthumbnails%2FScimitarium-II-full-length_1775840535650_200_200.webp?alt=media&token=ae6cb21b-7915-4266-88c7-1f2a30c3b526,mq3NfCIqs3O5hwD4ejhV,False
Aversio Humanitatis,To Become the Endless Static,2026-04-24,"April 24, 2026",April 2026,2026-04-24T00:00:00,Black Metal,https://heavymetalbest.com/album/aversio-humanitatis/to-become-the-endless-static?albumId=m2ZwOpA6GQA1wL3xV2jf,https://firebasestorage.googleapis.com/v0/b/heavy-metal-best.appspot.com/o/albums_img%2Fthumbnails%2FTo-Become-the-Endless-Static-full-length_1775832780643_200_200.webp?alt=media&token=9da1a7ce-5da1-4eab-9bd6-7f684a9d22e8,m2ZwOpA6GQA1wL3xV2jf,False
Necroccultus,The Afterdeath Blackness,2026-04-24,"April 24, 2026",April 2026,2026-04-24T00:00:00,Death Metal,https://heavymetalbest.com/album/necroccultus/the-afterdeath-blackness?albumId=lkA4DjKRdaAhAEZarFaN,https://firebasestorage.googleapis.com/v0/b/heavy-metal-best.appspot.com/o/albums_img%2Fthumbnails%2FThe-Afterdeath-Blackness-full-length_1775832901746_200_200.webp?alt=media&token=bcf2f75a-38c7-4097-bd00-a01cb9b67bf4,lkA4DjKRdaAhAEZarFaN,False
Since the Death,Entangled,2026-04-24,"April 24, 2026",April 2026,2026-04-24T00:00:00,"Black, Black Metal, Thrash Metal, Death Metal, Death",https://heavymetalbest.com/album/since-the-death/entangled?albumId=lU6PDS3D8NpFPGsOoE3q,https://firebasestorage.googleapis.com/v0/b/heavy-metal-best.appspot.com/o/albums_img%2Fthumbnails%2FEntangled-full-length_1775840579722_200_200.webp?alt=media&token=b285688e-450d-432a-9592-891d40aef828,lU6PDS3D8NpFPGsOoE3q,False
Demon Spell,Blessed Be the Dark,2026-04-24,"April 24, 2026",April 2026,2026-04-24T00:00:00,Heavy Metal,https://heavymetalbest.com/album/demon-spell/blessed-be-the-dark?albumId=kLpAZcvGZM7ouGzmngrz,https://firebasestorage.googleapis.com/v0/b/heavy-metal-best.appspot.com/o/albums_img%2Fthumbnails%2FBlessed-Be-the-Dark-full-length_1775832828387_200_200.webp?alt=media&token=2f1889a2-140b-491e-b1db-577f235e71d6,kLpAZcvGZM7ouGzmngrz,False
Battleroar,Petrichor,2026-04-24,"April 24, 2026",April 2026,2026-04-24T00:00:00,"Epic Heavy, Power Metal",https://heavymetalbest.com/album/battleroar/petrichor?albumId=k8CSh4lQB7dFDjfGFqtb,https://firebasestorage.googleapis.com/v0/b/heavy-metal-best.appspot.com/o/albums_img%2Fthumbnails%2FPetrichor-full-length_1775840323733_200_200.webp?alt=media&token=1c6cf62d-85bd-456d-83f3-44619c8900d2,k8CSh4lQB7dFDjfGFqtb,False
Elegant Weapons,Evolution,2026-04-24,"April 24, 2026",April 2026,2026-04-24T00:00:00,Heavy Metal,https://heavymetalbest.com/album/elegant-weapons/evolution?albumId=jjaqrlXgJPCN626uzVbo,https://firebasestorage.googleapis.com/v0/b/heavy-metal-best.appspot.com/o/albums_img%2Fthumbnails%2FEvolution-full-length_1775840357486_200_200.webp?alt=media&token=e237a09a-0221-4555-add9-6e091392d20e,jjaqrlXgJPCN626uzVbo,False
Sewer Altar,Fever Dreams of Vengeance,2026-04-24,"April 24, 2026",April 2026,2026-04-24T00:00:00,"Death Metal, Hardcore",https://heavymetalbest.com/album/sewer-altar/fever-dreams-of-vengeance?albumId=ikcCTlU08d0Tn6Yp2xG5,https://firebasestorage.googleapis.com/v0/b/heavy-metal-best.appspot.com/o/albums_img%2Fthumbnails%2FFever-Dreams-of-Vengeance-full-length_1775840543857_200_200.webp?alt=media&token=dd3e18d5-85c4-4711-97d7-1ab60fdc1da4,ikcCTlU08d0Tn6Yp2xG5,False
Lynx,Trinity of Suns,2026-04-24,"April 24, 2026",April 2026,2026-04-24T00:00:00,"Hard Rock, Heavy Metal",https://heavymetalbest.com/album/lynx/trinity-of-suns?albumId=i2SVuLXGw4c1cZyPfDdp,https://firebasestorage.googleapis.com/v0/b/heavy-metal-best.appspot.com/o/albums_img%2Fthumbnails%2FTrinity-of-Suns-full-length_1775832854930_200_200.webp?alt=media&token=97cac840-d60c-40ce-bcbf-dd21b146e48f,i2SVuLXGw4c1cZyPfDdp,False
Firmament,Reveries of a Forgotten Spirit,2026-04-24,"April 24, 2026",April 2026,2026-04-24T00:00:00,,https://heavymetalbest.com/album/firmament/reveries-of-a-forgotten-spirit?albumId=hacLibqyX1nBO1ywW0RZ,https://firebasestorage.googleapis.com/v0/b/heavy-metal-best.appspot.com/o/albums_img%2Fthumbnails%2FReveries-of-a-Forgotten-Spirit-full-length_1775840376304_200_200.webp?alt=media&token=8dbb9a93-719d-42da-ba35-c7b805e15bd6,hacLibqyX1nBO1ywW0RZ,False
Alvader,Woede,2026-04-24,"April 24, 2026",April 2026,2026-04-24T00:00:00,,https://heavymetalbest.com/album/alvader/woede?albumId=gEl6yNW1lfWlyEE6z5bw,https://firebasestorage.googleapis.com/v0/b/heavy-metal-best.appspot.com/o/albums_img%2Fthumbnails%2FWoede-full-length_1775840258522_200_200.webp?alt=media&token=ab025b5a-272f-41ea-8c21-d80aa7ade8c2,gEl6yNW1lfWlyEE6z5bw,False
Corrosive Agent,Vastator Mundi,2026-04-24,"April 24, 2026",April 2026,2026-04-24T00:00:00,Death Metal,https://heavymetalbest.com/album/corrosive-agent/vastator-mundi?albumId=cYJWD0F8NdNrSTnaVE7n,https://firebasestorage.googleapis.com/v0/b/heavy-metal-best.appspot.com/o/albums_img%2Fthumbnails%2FVastator-Mundi-full-length_1775840339747_200_200.webp?alt=media&token=bb279824-1c16-431c-b67b-f712d9833635,cYJWD0F8NdNrSTnaVE7n,False
Thy Sanatorium,Thy Sanatorium,2026-04-24,"April 24, 2026",April 2026,2026-04-24T00:00:00,,https://heavymetalbest.com/album/thy-sanatorium/thy-sanatorium?albumId=bkWvwO6iyCItAMZw5Ihy,https://firebasestorage.googleapis.com/v0/b/heavy-metal-best.appspot.com/o/albums_img%2Fthumbnails%2FThy-Sanatorium-full-length_1775840703730_200_200.webp?alt=media&token=f5763153-08e5-42d5-bb3f-44b2e2045444,bkWvwO6iyCItAMZw5Ihy,False
Terror,Still Suffer,2026-04-24,"April 24, 2026",April 2026,2026-04-24T00:00:00,"Hardcore, Thrash Metal, Crossover",https://heavymetalbest.com/album/terror/still-suffer?albumId=b4Pd1edwCuOA4OKfd3UV,https://firebasestorage.googleapis.com/v0/b/heavy-metal-best.appspot.com/o/albums_img%2Fthumbnails%2FStill-Suffer-full-length_1775833682586_200_200.webp?alt=media&token=7886cb9a-b30b-4a19-89db-dc202f19054b,b4Pd1edwCuOA4OKfd3UV,False
Wrang,Verwording,2026-04-24,"April 24, 2026",April 2026,2026-04-24T00:00:00,Black Metal,https://heavymetalbest.com/album/wrang/verwording?albumId=YVDeV7zgoYz5ubZxeRgp,https://firebasestorage.googleapis.com/v0/b/heavy-metal-best.appspot.com/o/albums_img%2Fthumbnails%2FVerwording-full-length_1775833823426_200_200.webp?alt=media&token=5e8db50e-2a39-4241-8106-feeafe511121,YVDeV7zgoYz5ubZxeRgp,False
Asenheim,Elbenblut,2026-04-24,"April 24, 2026",April 2026,2026-04-24T00:00:00,"Black Metal, Black, Epic Black Metal, Pagan Metal",https://heavymetalbest.com/album/asenheim/elbenblut?albumId=WdsXmyuA5OQBnwzshOQl,https://firebasestorage.googleapis.com/v0/b/heavy-metal-best.appspot.com/o/albums_img%2Fthumbnails%2FElbenblut-full-length_1775832555277_200_200.webp?alt=media&token=c087f9ca-d0c6-4a17-8aff-a3fc2108012c,WdsXmyuA5OQBnwzshOQl,False
Black Revelation,No Light upon Us All,2026-04-24,"April 24, 2026",April 2026,2026-04-24T00:00:00,"Doom Metal, Heavy Metal, Doom",https://heavymetalbest.com/album/black-revelation/no-light-upon-us-all?albumId=Ve2UD6wwLpxbPlN4bJcW,https://firebasestorage.googleapis.com/v0/b/heavy-metal-best.appspot.com/o/albums_img%2Fthumbnails%2FNo-Light-upon-Us-All-full-length_1775840335497_200_200.webp?alt=media&token=2ccdf827-5dfe-40d5-9593-6babdc3d5798,Ve2UD6wwLpxbPlN4bJcW,False
Powerrage,Beast,2026-04-24,"April 24, 2026",April 2026,2026-04-24T00:00:00,"Heavy Metal, Speed",https://heavymetalbest.com/album/powerrage/beast?albumId=UmdzTv7Jv1aPA92vqYBK,https://firebasestorage.googleapis.com/v0/b/heavy-metal-best.appspot.com/o/albums_img%2Fthumbnails%2FBeast-full-length_1775840523211_200_200.webp?alt=media&token=17757002-40ce-47f0-a120-ab50bab27210,UmdzTv7Jv1aPA92vqYBK,False
Whirlwind,1640,2026-04-24,"April 24, 2026",April 2026,2026-04-24T00:00:00,Heavy Metal,https://heavymetalbest.com/album/whirlwind/1640?albumId=U50dX97IMlcqerPTDku4,https://firebasestorage.googleapis.com/v0/b/heavy-metal-best.appspot.com/o/albums_img%2Fthumbnails%2F1640-full-length_1775833810465_200_200.webp?alt=media&token=035c23ed-6f50-4d33-92be-4d2a1062f5aa,U50dX97IMlcqerPTDku4,False
